code,date,price
kospi/005930.csv,2020-03-10,0.0
kospi/005930.csv,2020-03-11,-0.022893772893772923
kospi/005930.csv,2020-03-12,-0.038461538461538436
kospi/005930.csv,2020-03-13,-0.05013736263736268
kospi/005930.csv,2020-03-16,-0.06098901098901099
kospi/005930.csv,2020-03-17,-0.08772893772893775
kospi/005930.csv,2020-03-18,-0.1115384615384616
kospi/005930.csv,2020-03-19,-0.14029304029304024
kospi/005930.csv,2020-03-20,-0.15695970695970696
kospi/005930.csv,2020-03-23,-0.18040293040293046
kospi/005930.csv,2020-03-24,-0.1816849816849817
kospi/005930.csv,2020-03-25,-0.17051282051282046
kospi/005930.csv,2020-03-26,-0.15274725274725276
kospi/005930.csv,2020-03-27,-0.14212454212454215
kospi/005930.csv,2020-03-30,-0.12252747252747255
kospi/005930.csv,2020-03-31,-0.11959706959706963
kospi/005930.csv,2020-04-01,-0.13003663003663002
kospi/005930.csv,2020-04-02,-0.13369963369963367
kospi/005930.csv,2020-04-03,-0.1384615384615384
kospi/005930.csv,2020-04-06,-0.1353479853479853
kospi/005930.csv,2020-04-07,-0.12857142857142856
kospi/005930.csv,2020-04-08,-0.11831501831501835
kospi/005930.csv,2020-04-09,-0.10989010989010994
kospi/005930.csv,2020-04-13,-0.10512820512820507
kospi/005930.csv,2020-04-14,-0.104029304029304
kospi/005930.csv,2020-04-16,-0.10622710622710617
kospi/005930.csv,2020-04-17,-0.09597069597069596
kospi/005930.csv,2020-04-20,-0.09230769230769233
kospi/005930.csv,2020-04-21,-0.08882783882783885
kospi/005930.csv,2020-04-22,-0.08571428571428574
kospi/005930.csv,2020-04-23,-0.08260073260073264
kospi/005930.csv,2020-04-24,-0.09010989010989012
kospi/005930.csv,2020-04-27,-0.09102564102564104
kospi/005930.csv,2020-04-28,-0.08791208791208792
kospi/005930.csv,2020-04-29,-0.08736263736263739
kospi/005930.csv,2020-05-04,-0.09230769230769233
kospi/005930.csv,2020-05-06,-0.09285714285714286
kospi/005930.csv,2020-05-07,-0.09670329670329668
kospi/005930.csv,2020-05-08,-0.10146520146520144
kospi/005930.csv,2020-05-11,-0.10732600732600728
kospi/005930.csv,2020-05-12,-0.10952380952380958
kospi/005930.csv,2020-05-13,-0.11190476190476197
kospi/005930.csv,2020-05-14,-0.11483516483516487
kospi/005930.csv,2020-05-15,-0.11831501831501835
kospi/005930.csv,2020-05-18,-0.11684981684981688
kospi/005930.csv,2020-05-19,-0.108058608058608
kospi/005930.csv,2020-05-20,-0.10274725274725273
kospi/005930.csv,2020-05-21,-0.0956043956043956
kospi/005930.csv,2020-05-22,-0.09230769230769233
kospi/005930.csv,2020-05-26,-0.09065934065934067
kospi/005930.csv,2020-05-27,-0.09212454212454213
kospi/005930.csv,2020-05-28,-0.09065934065934067
kospi/005930.csv,2020-05-29,-0.08791208791208792
kospi/005930.csv,2020-06-01,-0.07893772893772899
kospi/005930.csv,2020-06-02,-0.07106227106227103
kospi/005930.csv,2020-06-03,-0.054212454212454235
kospi/005930.csv,2020-06-04,-0.0388278388278388
kospi/005930.csv,2020-06-05,-0.02124542124542128
kospi/005930.csv,2020-06-08,-0.007692307692307666
kospi/005930.csv,2020-06-09,0.0073260073260073
kospi/005930.csv,2020-06-10,0.010622710622710585
kospi/005930.csv,2020-06-11,0.00952380952380949
kospi/005930.csv,2020-06-12,-0.00219780219780219
kospi/005930.csv,2020-06-15,-0.02051282051282055
kospi/005930.csv,2020-06-16,-0.03296703296703296
kospi/005930.csv,2020-06-17,-0.04468864468864464
kospi/005930.csv,2020-06-18,-0.05201465201465205
kospi/005930.csv,2020-06-19,-0.04981684981684986
kospi/005930.csv,2020-06-22,-0.042124542124542086
kospi/005930.csv,2020-06-23,-0.04468864468864464
kospi/005930.csv,2020-06-24,-0.042124542124542086
kospi/005930.csv,2020-06-25,-0.043589743589743546
kospi/005930.csv,2020-06-26,-0.042124542124542086
kospi/005930.csv,2020-06-29,-0.04065934065934063
kospi/005930.csv,2020-06-30,-0.035531135531135516
kospi/005930.csv,2020-07-01,-0.03663003663003661
kospi/005930.csv,2020-07-02,-0.03296703296703296
kospi/005930.csv,2020-07-06,-0.02673992673992676
kospi/005930.csv,2020-07-07,-0.023076923076923102
kospi/005930.csv,2020-07-08,-0.022344322344322376
kospi/005930.csv,2020-07-09,-0.021611721611721646
kospi/005930.csv,2020-07-10,-0.022344322344322376
kospi/005930.csv,2020-07-13,-0.02820512820512822
kospi/005930.csv,2020-07-14,-0.02673992673992676
kospi/005930.csv,2020-07-15,-0.02051282051282055
kospi/005930.csv,2020-07-16,-0.0168498168498169
kospi/005930.csv,2020-07-17,-0.010622710622710585
kospi/005930.csv,2020-07-20,-0.007692307692307666
kospi/005930.csv,2020-07-21,-0.00219780219780219
kospi/005930.csv,2020-07-22,-0.00219780219780219
kospi/005930.csv,2020-07-23,-0.001098901098901095
kospi/005930.csv,2020-07-24,-0.001831501831501825
kospi/005930.csv,2020-07-27,0.003296703296703285
kospi/005930.csv,2020-07-28,0.015384615384615332
kospi/005930.csv,2020-07-29,0.031135531135531025
kospi/005930.csv,2020-07-30,0.04908424908424913
kospi/005930.csv,2020-07-31,0.06263736263736264
kospi/005930.csv,2020-08-03,0.06703296703296703
kospi/005930.csv,2020-08-04,0.06227106227106227
kospi/005930.csv,2020-08-05,0.054578754578754614
kospi/005930.csv,2020-08-06,0.050915750915750964
kospi/005930.csv,2020-08-07,0.0494505494505495
kospi/005930.csv,2020-08-10,0.05311355311355315
kospi/005930.csv,2020-08-11,0.056410256410256425
kospi/005930.csv,2020-08-12,0.0641025641025641
kospi/005930.csv,2020-08-13,0.06666666666666665
kospi/005930.csv,2020-08-14,0.06849816849816848
kospi/005930.csv,2020-08-18,0.07069597069597068
kospi/005930.csv,2020-08-19,0.0692307692307692
kospi/005930.csv,2020-08-20,0.05604395604395607
kospi/005930.csv,2020-08-21,0.04578754578754585
kospi/005930.csv,2020-08-24,0.03882783882783891
kospi/005930.csv,2020-08-25,0.03150183150183161
kospi/005930.csv,2020-08-26,0.02637362637362628
kospi/005930.csv,2020-08-27,0.02710622710622701
kospi/005930.csv,2020-08-28,0.025274725274725185
kospi/005930.csv,2020-08-31,0.01758241758241752
kospi/005930.csv,2020-09-01,0.00952380952380949
kospi/005930.csv,2020-09-02,0.00219780219780219
kospi/005930.csv,2020-09-03,0.00512820512820511
kospi/005930.csv,2020-09-04,0.00586080586080584
kospi/005930.csv,2020-09-08,0.023076923076923
kospi/005930.csv,2020-09-09,0.03846153846153855
kospi/003555.csv,2020-03-10,0.0
kospi/003555.csv,2020-03-11,-0.002668089647812177
kospi/003555.csv,2020-03-12,-0.008182141586624003
kospi/003555.csv,2020-03-13,-0.01947705442902881
kospi/003555.csv,2020-03-16,-0.03180362860192098
kospi/003555.csv,2020-03-17,-0.05058697972251869
kospi/003555.csv,2020-03-18,-0.07577374599786557
kospi/003555.csv,2020-03-19,-0.11312700106723585
kospi/003555.csv,2020-03-20,-0.14407684098185702
kospi/003555.csv,2020-03-23,-0.18207043756670227
kospi/003555.csv,2020-03-24,-0.21195304162219847
kospi/003555.csv,2020-03-25,-0.22177161152614733
kospi/003555.csv,2020-03-26,-0.21686232657417293
kospi/003555.csv,2020-03-27,-0.207684098185699
kospi/003555.csv,2020-03-30,-0.18847385272145145
kospi/003555.csv,2020-03-31,-0.17395944503735328
kospi/003555.csv,2020-04-01,-0.17438633938100326
kospi/003555.csv,2020-04-02,-0.17459978655282815
kospi/003555.csv,2020-04-03,-0.175880469583778
kospi/003555.csv,2020-04-06,-0.1701173959445037
kospi/003555.csv,2020-04-07,-0.1652081109925293
kospi/003555.csv,2020-04-08,-0.1579509071504802
kospi/003555.csv,2020-04-09,-0.1464247598719317
kospi/003555.csv,2020-04-13,-0.13639274279615798
kospi/003555.csv,2020-04-14,-0.12870864461045894
kospi/003555.csv,2020-04-16,-0.1210245464247599
kospi/003555.csv,2020-04-17,-0.1103521878335112
kospi/003555.csv,2020-04-20,-0.10437566702241197
kospi/003555.csv,2020-04-21,-0.10010672358591244
kospi/003555.csv,2020-04-22,-0.0979722518676628
kospi/003555.csv,2020-04-23,-0.09391675560298827
kospi/003555.csv,2020-04-24,-0.0932764140875133
kospi/003555.csv,2020-04-27,-0.09135538954108856
kospi/003555.csv,2020-04-28,-0.08687299893276412
kospi/003555.csv,2020-04-29,-0.0808964781216649
kospi/003555.csv,2020-05-04,-0.07982924226254008
kospi/003555.csv,2020-05-06,-0.0768409818569904
kospi/003555.csv,2020-05-07,-0.0768409818569904
kospi/003555.csv,2020-05-08,-0.07897545357524016
kospi/003555.csv,2020-05-11,-0.08068303094983986
kospi/003555.csv,2020-05-12,-0.08153681963713978
kospi/003555.csv,2020-05-13,-0.0826040554962647
kospi/003555.csv,2020-05-14,-0.08281750266808963
kospi/003555.csv,2020-05-15,-0.08196371398078972
kospi/003555.csv,2020-05-18,-0.08324439701173958
kospi/003555.csv,2020-05-19,-0.07812166488794026
kospi/003555.csv,2020-05-20,-0.07577374599786557
kospi/003555.csv,2020-05-21,-0.07150480256136604
kospi/003555.csv,2020-05-22,-0.07107790821771609
kospi/003555.csv,2020-05-26,-0.0687299893276414
kospi/003555.csv,2020-05-27,-0.06937033084311628
kospi/003555.csv,2020-05-28,-0.06830309498399145
kospi/003555.csv,2020-05-29,-0.06766275346851658
kospi/003555.csv,2020-06-01,-0.06083244397011745
kospi/003555.csv,2020-06-02,-0.054855923159018105
kospi/003555.csv,2020-06-03,-0.04781216648879405
kospi/003555.csv,2020-06-04,-0.03820704375667028
kospi/003555.csv,2020-06-05,-0.02475987193169693
kospi/003555.csv,2020-06-08,-0.011739594450373536
kospi/003555.csv,2020-06-09,-0.0006403415154748737
kospi/003555.csv,2020-06-10,0.007043756670224165
kospi/003555.csv,2020-06-11,0.016221985058697985
kospi/003555.csv,2020-06-12,0.013660618996798268
kospi/003555.csv,2020-06-15,0.0008537886872999056
kospi/003555.csv,2020-06-16,0.002347918890074796
kospi/003555.csv,2020-06-17,0.028815368196371424
kospi/003555.csv,2020-06-18,0.04589114194236932
kospi/003555.csv,2020-06-19,0.054855923159018216
kospi/003555.csv,2020-06-22,0.06424759871931696
kospi/003555.csv,2020-06-23,0.06296691568836721
kospi/003555.csv,2020-06-24,0.0367129135538955
kospi/003555.csv,2020-06-25,0.011953041622198457
kospi/003555.csv,2020-06-26,0.006616862326574102
kospi/003555.csv,2020-06-29,0.00469583778014937
kospi/003555.csv,2020-06-30,0.0025613660618997174
kospi/003555.csv,2020-07-01,0.0002134471718249209
kospi/003555.csv,2020-07-02,0.002988260405549559
kospi/003555.csv,2020-07-06,0.003842049092849464
kospi/003555.csv,2020-07-07,0.0059765208110993395
kospi/003555.csv,2020-07-08,0.002988260405549559
kospi/003555.csv,2020-07-09,0.0014941302027748904
kospi/003555.csv,2020-07-10,-0.004055496264674496
kospi/003555.csv,2020-07-13,-0.008324439701173914
kospi/003555.csv,2020-07-14,-0.008751334044823866
kospi/003555.csv,2020-07-15,-0.004482390608324449
kospi/003555.csv,2020-07-16,-0.0002134471718249209
kospi/003555.csv,2020-07-17,0.007043756670224165
kospi/003555.csv,2020-07-20,0.010245464247598646
kospi/003555.csv,2020-07-21,0.011953041622198457
kospi/003555.csv,2020-07-22,0.01237993596584852
kospi/003555.csv,2020-07-23,0.011099252934898551
kospi/003555.csv,2020-07-24,0.010458911419423787
kospi/003555.csv,2020-07-27,0.011099252934898551
kospi/003555.csv,2020-07-28,0.015581643543223
kospi/003555.csv,2020-07-29,0.01856990394877278
kospi/003555.csv,2020-07-30,0.022198505869797325
kospi/003555.csv,2020-07-31,0.025186766275346884
kospi/003555.csv,2020-08-03,0.03180362860192098
kospi/003555.csv,2020-08-04,0.04290288153681954
kospi/003555.csv,2020-08-05,0.06723585912486651
kospi/003555.csv,2020-08-06,0.0932764140875133
kospi/003555.csv,2020-08-07,0.1218783351120598
kospi/003555.csv,2020-08-10,0.15773745997865518
kospi/003555.csv,2020-08-11,0.1880469583778015
kospi/003555.csv,2020-08-12,0.2098185699039488
kospi/003555.csv,2020-08-13,0.2303094983991463
kospi/003555.csv,2020-08-14,0.2379935965848452
kospi/003555.csv,2020-08-18,0.21835645677694784
kospi/003555.csv,2020-08-19,0.20042689434365
kospi/003555.csv,2020-08-20,0.16969050160085386
kospi/003555.csv,2020-08-21,0.15005336179295625
kospi/003555.csv,2020-08-24,0.1406616862326575
kospi/003555.csv,2020-08-25,0.15474919957310562
kospi/003555.csv,2020-08-26,0.16584845250800415
kospi/003555.csv,2020-08-27,0.18164354322305232
kospi/003555.csv,2020-08-28,0.18591248665955185
kospi/003555.csv,2020-08-31,0.18762006403415168
kospi/003555.csv,2020-09-01,0.1807897545357524
kospi/003555.csv,2020-09-02,0.17566702241195298
kospi/003555.csv,2020-09-03,0.17267876200640342
kospi/003555.csv,2020-09-04,0.16499466382070427
kospi/003555.csv,2020-09-08,0.15773745997865518
kospi/003555.csv,2020-09-09,0.1496264674493062
kospi/002170.csv,2020-03-10,0.0
kospi/002170.csv,2020-03-11,-0.0044802867383512135
kospi/002170.csv,2020-03-12,-0.016726403823178027
kospi/002170.csv,2020-03-13,-0.029121863799283162
kospi/002170.csv,2020-03-16,-0.0478494623655914
kospi/002170.csv,2020-03-17,-0.08207885304659501
kospi/002170.csv,2020-03-18,-0.12078853046594985
kospi/002170.csv,2020-03-19,-0.16917562724014334
kospi/002170.csv,2020-03-20,-0.2089605734767025
kospi/002170.csv,2020-03-23,-0.2514336917562724
kospi/002170.csv,2020-03-24,-0.2774193548387097
kospi/002170.csv,2020-03-25,-0.2905017921146953
kospi/002170.csv,2020-03-26,-0.2783154121863799
kospi/002170.csv,2020-03-27,-0.2666666666666667
kospi/002170.csv,2020-03-30,-0.2426523297491039
kospi/002170.csv,2020-03-31,-0.2211469534050179
kospi/002170.csv,2020-04-01,-0.2041218637992831
kospi/002170.csv,2020-04-02,-0.1933691756272401
kospi/002170.csv,2020-04-03,-0.1792114695340502
kospi/002170.csv,2020-04-06,-0.16236559139784945
kospi/002170.csv,2020-04-07,-0.1469534050179212
kospi/002170.csv,2020-04-08,-0.13225806451612898
kospi/002170.csv,2020-04-09,-0.1186379928315412
kospi/002170.csv,2020-04-13,-0.11505376344086027
kospi/002170.csv,2020-04-14,-0.11039426523297492
kospi/002170.csv,2020-04-16,-0.10824372759856626
kospi/002170.csv,2020-04-17,-0.10430107526881716
kospi/002170.csv,2020-04-20,-0.10286738351254476
kospi/002170.csv,2020-04-21,-0.09677419354838712
kospi/002170.csv,2020-04-22,-0.09534050179211473
kospi/002170.csv,2020-04-23,-0.08996415770609323
kospi/002170.csv,2020-04-24,-0.09175627240143368
kospi/002170.csv,2020-04-27,-0.08996415770609323
kospi/002170.csv,2020-04-28,-0.07921146953405023
kospi/002170.csv,2020-04-29,-0.06559139784946233
kospi/002170.csv,2020-05-04,-0.06272401433691754
kospi/002170.csv,2020-05-06,-0.05483870967741933
kospi/002170.csv,2020-05-07,-0.048028673835125435
kospi/002170.csv,2020-05-08,-0.05017921146953408
kospi/002170.csv,2020-05-11,-0.0526881720430108
kospi/002170.csv,2020-05-12,-0.04767025089605737
kospi/002170.csv,2020-05-13,-0.043727598566308264
kospi/002170.csv,2020-05-14,-0.04050179211469529
kospi/002170.csv,2020-05-15,-0.03620071684587811
kospi/002170.csv,2020-05-18,-0.04014336917562722
kospi/002170.csv,2020-05-19,-0.038709677419354833
kospi/002170.csv,2020-05-20,-0.03512544802867379
kospi/002170.csv,2020-05-21,-0.035842293906810034
kospi/002170.csv,2020-05-22,-0.04086021505376347
kospi/002170.csv,2020-05-26,-0.032258064516129004
kospi/002170.csv,2020-05-27,-0.03297491039426525
kospi/002170.csv,2020-05-28,-0.04050179211469529
kospi/002170.csv,2020-05-29,-0.04050179211469529
kospi/002170.csv,2020-06-01,-0.037275985663082434
kospi/002170.csv,2020-06-02,-0.038709677419354833
kospi/002170.csv,2020-06-03,-0.03189964157706093
kospi/002170.csv,2020-06-04,-0.02007168458781361
kospi/002170.csv,2020-06-05,-0.009318996415770608
kospi/002170.csv,2020-06-08,0.0014336917562725038
kospi/002170.csv,2020-06-09,0.011111111111111072
kospi/002170.csv,2020-06-10,0.014695340501792218
kospi/002170.csv,2020-06-11,0.011827956989247213
kospi/002170.csv,2020-06-12,-0.00035842293906807043
kospi/002170.csv,2020-06-15,-0.021863799283154076
kospi/002170.csv,2020-06-16,-0.03835125448028676
kospi/002170.csv,2020-06-17,-0.05053763440860215
kospi/002170.csv,2020-06-18,-0.0526881720430108
kospi/002170.csv,2020-06-19,-0.041218637992831535
kospi/002170.csv,2020-06-22,-0.027240143369175573
kospi/002170.csv,2020-06-23,-0.02007168458781361
kospi/002170.csv,2020-06-24,-0.017204301075268824
kospi/002170.csv,2020-06-25,-0.02544802867383511
kospi/002170.csv,2020-06-26,-0.037275985663082434
kospi/002170.csv,2020-06-29,-0.04516129032258065
kospi/002170.csv,2020-06-30,-0.04838709677419351
kospi/002170.csv,2020-07-01,-0.05053763440860215
kospi/002170.csv,2020-07-02,-0.043010752688172005
kospi/002170.csv,2020-07-06,-0.04050179211469529
kospi/002170.csv,2020-07-07,-0.03691756272401436
kospi/002170.csv,2020-07-08,-0.03655913978494618
kospi/002170.csv,2020-07-09,-0.03548387096774197
kospi/002170.csv,2020-07-10,-0.04050179211469529
kospi/002170.csv,2020-07-13,-0.0444444444444444
kospi/002170.csv,2020-07-14,-0.04623655913978497
kospi/002170.csv,2020-07-15,-0.0458781362007169
kospi/002170.csv,2020-07-16,-0.04623655913978497
kospi/002170.csv,2020-07-17,-0.03620071684587811
kospi/002170.csv,2020-07-20,-0.02043010752688168
kospi/002170.csv,2020-07-21,-0.005017921146953429
kospi/002170.csv,2020-07-22,0.005376344086021501
kospi/002170.csv,2020-07-23,0.018996415770609287
kospi/002170.csv,2020-07-24,0.02114695340501793
kospi/002170.csv,2020-07-27,0.018637992831541217
kospi/002170.csv,2020-07-28,0.014336917562723928
kospi/002170.csv,2020-07-29,0.014695340501792218
kospi/002170.csv,2020-07-30,0.016129032258064502
kospi/002170.csv,2020-07-31,0.016845878136200643
kospi/002170.csv,2020-08-03,0.018637992831541217
kospi/002170.csv,2020-08-04,0.019713261648745428
kospi/002170.csv,2020-08-05,0.020071684587813717
kospi/002170.csv,2020-08-06,0.026523297491039436
kospi/002170.csv,2020-08-07,0.03942652329749108
kospi/002170.csv,2020-08-10,0.053763440860215006
kospi/002170.csv,2020-08-11,0.06953405017921144
kospi/002170.csv,2020-08-12,0.0849462365591398
kospi/002170.csv,2020-08-13,0.0917562724014338
kospi/002170.csv,2020-08-14,0.10179211469534044
kospi/002170.csv,2020-08-18,0.10896057347670253
kospi/002170.csv,2020-08-19,0.11756272401433687
kospi/002170.csv,2020-08-20,0.1200716845878136
kospi/002170.csv,2020-08-21,0.12114695340501802
kospi/002170.csv,2020-08-24,0.11756272401433687
kospi/002170.csv,2020-08-25,0.11397849462365595
kospi/002170.csv,2020-08-26,0.10609318996415773
kospi/002170.csv,2020-08-27,0.10430107526881716
kospi/002170.csv,2020-08-28,0.10179211469534044
kospi/002170.csv,2020-08-31,0.10179211469534044
kospi/002170.csv,2020-09-01,0.10071684587813624
kospi/002170.csv,2020-09-02,0.10000000000000007
kospi/002170.csv,2020-09-03,0.09928315412186373
kospi/002170.csv,2020-09-04,0.09139784946236552
kospi/002170.csv,2020-09-08,0.0835125448028673
kospi/002170.csv,2020-09-09,0.07526881720430101
kospi/005090.csv,2020-03-10,0.0
kospi/005090.csv,2020-03-11,-0.002586206896551757
kospi/005090.csv,2020-03-12,-0.01666666666666661
kospi/005090.csv,2020-03-13,-0.040086206896551735
kospi/005090.csv,2020-03-16,-0.05965517241379315
kospi/005090.csv,2020-03-17,-0.08862068965517245
kospi/005090.csv,2020-03-18,-0.11689655172413793
kospi/005090.csv,2020-03-19,-0.1155172413793103
kospi/005090.csv,2020-03-20,-0.1103448275862069
kospi/005090.csv,2020-03-23,-0.11172413793103453
kospi/005090.csv,2020-03-24,-0.11793103448275866
kospi/005090.csv,2020-03-25,-0.12310344827586205
kospi/005090.csv,2020-03-26,-0.14586206896551726
kospi/005090.csv,2020-03-27,-0.1448275862068965
kospi/005090.csv,2020-03-30,-0.13241379310344825
kospi/005090.csv,2020-03-31,-0.11620689655172413
kospi/005090.csv,2020-04-01,-0.1013793103448276
kospi/005090.csv,2020-04-02,-0.0906896551724138
kospi/005090.csv,2020-04-03,-0.09689655172413793
kospi/005090.csv,2020-04-06,-0.10448275862068968
kospi/005090.csv,2020-04-07,-0.10827586206896556
kospi/005090.csv,2020-04-08,-0.1058620689655172
kospi/005090.csv,2020-04-09,-0.1062068965517241
kospi/005090.csv,2020-04-13,-0.10275862068965512
kospi/005090.csv,2020-04-14,-0.0962068965517241
kospi/005090.csv,2020-04-16,-0.09034482758620688
kospi/005090.csv,2020-04-17,-0.08724137931034481
kospi/005090.csv,2020-04-20,-0.08206896551724141
kospi/005090.csv,2020-04-21,-0.08206896551724141
kospi/005090.csv,2020-04-22,-0.07655172413793099
kospi/005090.csv,2020-04-23,-0.06862068965517243
kospi/005090.csv,2020-04-24,-0.06275862068965521
kospi/005090.csv,2020-04-27,-0.05827586206896551
kospi/005090.csv,2020-04-28,-0.043448275862069015
kospi/005090.csv,2020-04-29,-0.028620689655172393
kospi/005090.csv,2020-05-04,-0.02206896551724136
kospi/005090.csv,2020-05-06,-0.016551724137931045
kospi/005090.csv,2020-05-07,-0.011724137931034441
kospi/005090.csv,2020-05-08,-0.014827586206896504
kospi/005090.csv,2020-05-11,-0.01896551724137929
kospi/005090.csv,2020-05-12,-0.02137931034482754
kospi/005090.csv,2020-05-13,-0.02034482758620693
kospi/005090.csv,2020-05-14,-0.015862068965517232
kospi/005090.csv,2020-05-15,-0.00793103448275867
kospi/005090.csv,2020-05-18,-0.0055172413793103114
kospi/005090.csv,2020-05-19,0.001034482758620614
kospi/005090.csv,2020-05-20,0.009310344827586192
kospi/005090.csv,2020-05-21,0.018965517241379404
kospi/005090.csv,2020-05-22,0.020689655172413838
kospi/005090.csv,2020-05-26,0.020000000000000014
kospi/005090.csv,2020-05-27,0.021034482758620632
kospi/005090.csv,2020-05-28,0.011034482758620623
kospi/005090.csv,2020-05-29,0.004827586206896496
kospi/005090.csv,2020-06-01,0.0
kospi/005090.csv,2020-06-02,-0.001034482758620725
kospi/005090.csv,2020-06-03,-0.0017241379310344307
kospi/005090.csv,2020-06-04,0.004137931034482678
kospi/005090.csv,2020-06-05,0.007586206896551762
kospi/005090.csv,2020-06-08,0.015172413793103525
kospi/005090.csv,2020-06-09,0.02137931034482765
kospi/005090.csv,2020-06-10,0.0237931034482759
kospi/005090.csv,2020-06-11,0.02137931034482765
kospi/005090.csv,2020-06-12,0.010000000000000007
kospi/005090.csv,2020-06-15,-0.002413793103448248
kospi/005090.csv,2020-06-16,-0.003448275862068973
kospi/005090.csv,2020-06-17,0.010344827586206806
kospi/005090.csv,2020-06-18,0.029655172413793007
kospi/005090.csv,2020-06-19,0.052068965517241265
kospi/005090.csv,2020-06-22,0.07206896551724129
kospi/005090.csv,2020-06-23,0.0727586206896551
kospi/005090.csv,2020-06-24,0.05758620689655181
kospi/005090.csv,2020-06-25,0.03620689655172416
kospi/005090.csv,2020-06-26,0.018620689655172384
kospi/005090.csv,2020-06-29,0.0013793103448276336
kospi/005090.csv,2020-06-30,-0.0044827586206896974
kospi/005090.csv,2020-07-01,-0.011379310344827531
kospi/005090.csv,2020-07-02,-0.010689655172413827
kospi/005090.csv,2020-07-06,-0.011724137931034441
kospi/005090.csv,2020-07-07,-0.0096551724137931
kospi/005090.csv,2020-07-08,-0.013103448275862071
kospi/005090.csv,2020-07-09,-0.012758620689655165
kospi/005090.csv,2020-07-10,-0.018620689655172384
kospi/005090.csv,2020-07-13,-0.02413793103448281
kospi/005090.csv,2020-07-14,-0.027931034482758577
kospi/005090.csv,2020-07-15,-0.026206896551724142
kospi/005090.csv,2020-07-16,-0.024827586206896516
kospi/005090.csv,2020-07-17,-0.0193103448275862
kospi/005090.csv,2020-07-20,-0.013103448275862071
kospi/005090.csv,2020-07-21,-0.008620689655172377
kospi/005090.csv,2020-07-22,-0.009310344827586192
kospi/005090.csv,2020-07-23,-0.012413793103448256
kospi/005090.csv,2020-07-24,-0.015517241379310319
kospi/005090.csv,2020-07-27,-0.016206896551724137
kospi/005090.csv,2020-07-28,-0.01758620689655177
kospi/005090.csv,2020-07-29,-0.016896551724137954
kospi/005090.csv,2020-07-30,-0.014137931034482796
kospi/005090.csv,2020-07-31,-0.010344827586206915
kospi/005090.csv,2020-08-03,-0.011379310344827531
kospi/005090.csv,2020-08-04,-0.011379310344827531
kospi/005090.csv,2020-08-05,-0.0044827586206896974
kospi/005090.csv,2020-08-06,0.0
kospi/005090.csv,2020-08-07,0.007586206896551762
kospi/005090.csv,2020-08-10,0.04137931034482767
kospi/005090.csv,2020-08-11,0.07862068965517244
kospi/005090.csv,2020-08-12,0.11965517241379307
kospi/005090.csv,2020-08-13,0.16758620689655168
kospi/005090.csv,2020-08-14,0.21068965517241375
kospi/005090.csv,2020-08-18,0.2024137931034482
kospi/005090.csv,2020-08-19,0.20758620689655166
kospi/005090.csv,2020-08-20,0.1927586206896552
kospi/005090.csv,2020-08-21,0.18034482758620696
kospi/005090.csv,2020-08-24,0.17137931034482756
kospi/005090.csv,2020-08-25,0.18931034482758613
kospi/005090.csv,2020-08-26,0.1875862068965517
kospi/005090.csv,2020-08-27,0.193103448275862
kospi/005090.csv,2020-08-28,0.1920689655172414
kospi/005090.csv,2020-08-31,0.18379310344827585
kospi/005090.csv,2020-09-01,0.1872413793103449
kospi/005090.csv,2020-09-02,0.18931034482758613
kospi/005090.csv,2020-09-03,0.1917241379310344
kospi/005090.csv,2020-09-04,0.18827586206896552
kospi/005090.csv,2020-09-08,0.2165517241379311
kospi/005090.csv,2020-09-09,0.23275862068965525
kospi/002900.csv,2020-03-10,0.0
kospi/002900.csv,2020-03-11,-0.012135922330097082
kospi/002900.csv,2020-03-12,-0.0032362459546925178
kospi/002900.csv,2020-03-13,-0.008495145631068013
kospi/002900.csv,2020-03-16,-0.012621359223300987
kospi/002900.csv,2020-03-17,-0.030873786407766942
kospi/002900.csv,2020-03-18,-0.058640776699029125
kospi/002900.csv,2020-03-19,-0.13514563106796118
kospi/002900.csv,2020-03-20,-0.1807766990291263
kospi/002900.csv,2020-03-23,-0.2254368932038835
kospi/002900.csv,2020-03-24,-0.2621359223300971
kospi/002900.csv,2020-03-25,-0.2811650485436893
kospi/002900.csv,2020-03-26,-0.2469902912621359
kospi/002900.csv,2020-03-27,-0.2343689320388349
kospi/002900.csv,2020-03-30,-0.21805825242718446
kospi/002900.csv,2020-03-31,-0.18951456310679612
kospi/002900.csv,2020-04-01,-0.16912621359223298
kospi/002900.csv,2020-04-02,-0.1551456310679611
kospi/002900.csv,2020-04-03,-0.14194174757281552
kospi/002900.csv,2020-04-06,-0.12368932038834946
kospi/002900.csv,2020-04-07,-0.10601941747572817
kospi/002900.csv,2020-04-08,-0.08135922330097077
kospi/002900.csv,2020-04-09,-0.06174757281553401
kospi/002900.csv,2020-04-13,-0.05067961165048551
kospi/002900.csv,2020-04-14,-0.04601941747572813
kospi/002900.csv,2020-04-16,-0.04446601941747563
kospi/002900.csv,2020-04-17,-0.043689320388349495
kospi/002900.csv,2020-04-20,-0.03398058252427183
kospi/002900.csv,2020-04-21,-0.024271844660194164
kospi/002900.csv,2020-04-22,-0.016893203883495134
kospi/002900.csv,2020-04-23,-0.014563106796116497
kospi/002900.csv,2020-04-24,-0.018640776699029197
kospi/002900.csv,2020-04-27,-0.02446601941747573
kospi/002900.csv,2020-04-28,-0.026407766990291348
kospi/002900.csv,2020-04-29,-0.026407766990291348
kospi/002900.csv,2020-05-04,-0.025436893203883537
kospi/002900.csv,2020-05-06,-0.01941747572815533
kospi/002900.csv,2020-05-07,-0.01844660194174752
kospi/002900.csv,2020-05-08,-0.011650485436893177
kospi/002900.csv,2020-05-11,-0.011650485436893177
kospi/002900.csv,2020-05-12,-0.014951456310679625
kospi/002900.csv,2020-05-13,-0.017864077669902945
kospi/002900.csv,2020-05-14,-0.026407766990291348
kospi/002900.csv,2020-05-15,-0.038252427184465976
kospi/002900.csv,2020-05-18,-0.045242718446601986
kospi/002900.csv,2020-05-19,-0.045242718446601986
kospi/002900.csv,2020-05-20,-0.04330097087378648
kospi/002900.csv,2020-05-21,-0.0396116504854368
kospi/002900.csv,2020-05-22,-0.031650485436893194
kospi/002900.csv,2020-05-26,-0.017864077669902945
kospi/002900.csv,2020-05-27,-0.009708737864077666
kospi/002900.csv,2020-05-28,-0.01106796116504849
kospi/002900.csv,2020-05-29,-0.007184466019417469
kospi/002900.csv,2020-06-01,-0.006213592233009657
kospi/002900.csv,2020-06-02,-0.009126213592232979
kospi/002900.csv,2020-06-03,-0.01009708737864079
kospi/002900.csv,2020-06-04,-0.003883495145631022
kospi/002900.csv,2020-06-05,0.006796116504854455
kospi/002900.csv,2020-06-08,0.01941747572815533
kospi/002900.csv,2020-06-09,0.03592233009708745
kospi/002900.csv,2020-06-10,0.05145631067961176
kospi/002900.csv,2020-06-11,0.05922330097087381
kospi/002900.csv,2020-06-12,0.04951456310679614
kospi/002900.csv,2020-06-15,0.026019417475727998
kospi/002900.csv,2020-06-16,0.0056310679611650824
kospi/002900.csv,2020-06-17,-0.015728155339805868
kospi/002900.csv,2020-06-18,-0.030679611650485494
kospi/002900.csv,2020-06-19,-0.03631067961165047
kospi/002900.csv,2020-06-22,-0.030873786407766942
kospi/002900.csv,2020-06-23,-0.038252427184465976
kospi/002900.csv,2020-06-24,-0.041747572815533984
kospi/002900.csv,2020-06-25,-0.047961165048543634
kospi/002900.csv,2020-06-26,-0.056893203883495176
kospi/002900.csv,2020-06-29,-0.06699029126213596
kospi/002900.csv,2020-06-30,-0.06543689320388346
kospi/002900.csv,2020-07-01,-0.0702912621359223
kospi/002900.csv,2020-07-02,-0.06834951456310677
kospi/002900.csv,2020-07-06,-0.06310679611650483
kospi/002900.csv,2020-07-07,-0.05747572815533985
kospi/002900.csv,2020-07-08,-0.0601941747572815
kospi/002900.csv,2020-07-09,-0.042135922330097116
kospi/002900.csv,2020-07-10,-0.02388349514563104
kospi/002900.csv,2020-07-13,-0.005825242718446644
kospi/002900.csv,2020-07-14,0.01378640776699025
kospi/002900.csv,2020-07-15,0.03300970873786402
kospi/002900.csv,2020-07-16,0.03786407766990285
kospi/002900.csv,2020-07-17,0.03883495145631066
kospi/002900.csv,2020-07-20,0.03495145631067964
kospi/002900.csv,2020-07-21,0.03300970873786402
kospi/002900.csv,2020-07-22,0.030097087378640808
kospi/002900.csv,2020-07-23,0.02524271844660197
kospi/002900.csv,2020-07-24,0.022330097087378542
kospi/002900.csv,2020-07-27,0.032038834951456215
kospi/002900.csv,2020-07-28,0.03398058252427183
kospi/002900.csv,2020-07-29,0.041747572815533866
kospi/002900.csv,2020-07-30,0.05339805825242716
kospi/002900.csv,2020-07-31,0.08640776699029118
kospi/002900.csv,2020-08-03,0.09417475728155343
kospi/002900.csv,2020-08-04,0.11553398058252418
kospi/002900.csv,2020-08-05,0.12912621359223309
kospi/002900.csv,2020-08-06,0.14077669902912615
kospi/002900.csv,2020-08-07,0.12912621359223309
kospi/002900.csv,2020-08-10,0.13980582524271834
kospi/002900.csv,2020-08-11,0.13883495145631075
kospi/002900.csv,2020-08-12,0.13980582524271834
kospi/002900.csv,2020-08-13,0.13980582524271834
kospi/002900.csv,2020-08-14,0.1475728155339806
kospi/002900.csv,2020-08-18,0.13106796116504849
kospi/002900.csv,2020-08-19,0.12427184466019425
kospi/002900.csv,2020-08-20,0.10388349514563112
kospi/002900.csv,2020-08-21,0.08446601941747578
kospi/002900.csv,2020-08-24,0.07184466019417468
kospi/002900.csv,2020-08-25,0.10679611650485432
kospi/002900.csv,2020-08-26,0.13689320388349513
kospi/002900.csv,2020-08-27,0.16796116504854375
kospi/002900.csv,2020-08-28,0.21456310679611645
kospi/002900.csv,2020-08-31,0.24077669902912624
kospi/002900.csv,2020-09-01,0.2349514563106796
kospi/002900.csv,2020-09-02,0.2262135922330097
kospi/002900.csv,2020-09-03,0.23398058252427176
kospi/002900.csv,2020-09-04,0.21553398058252424
kospi/002900.csv,2020-09-08,0.2029126213592234
kospi/002900.csv,2020-09-09,0.19805825242718456
kospi/017670.csv,2020-03-10,0.0
kospi/017670.csv,2020-03-11,-0.002288329519450793
kospi/017670.csv,2020-03-12,-0.012204424103737566
kospi/017670.csv,2020-03-13,-0.03375286041189929
kospi/017670.csv,2020-03-16,-0.05034324942791757
kospi/017670.csv,2020-03-17,-0.07871853546910756
kospi/017670.csv,2020-03-18,-0.11304347826086958
kospi/017670.csv,2020-03-19,-0.14828375286041195
kospi/017670.csv,2020-03-20,-0.16842105263157892
kospi/017670.csv,2020-03-23,-0.19359267734553776
kospi/017670.csv,2020-03-24,-0.20869565217391306
kospi/017670.csv,2020-03-25,-0.21372997711670486
kospi/017670.csv,2020-03-26,-0.21372997711670486
kospi/017670.csv,2020-03-27,-0.21235697940503429
kospi/017670.csv,2020-03-30,-0.20274599542334093
kospi/017670.csv,2020-03-31,-0.1972540045766591
kospi/017670.csv,2020-04-01,-0.1967963386727689
kospi/017670.csv,2020-04-02,-0.18855835240274602
kospi/017670.csv,2020-04-03,-0.18260869565217386
kospi/017670.csv,2020-04-06,-0.16933638443935928
kospi/017670.csv,2020-04-07,-0.15697940503432495
kospi/017670.csv,2020-04-08,-0.13958810068649885
kospi/017670.csv,2020-04-09,-0.12906178489702513
kospi/017670.csv,2020-04-13,-0.12265446224256292
kospi/017670.csv,2020-04-14,-0.11762013729977115
kospi/017670.csv,2020-04-16,-0.11212814645308923
kospi/017670.csv,2020-04-17,-0.10755148741418764
kospi/017670.csv,2020-04-20,-0.09839816933638446
kospi/017670.csv,2020-04-21,-0.08054919908466818
kospi/017670.csv,2020-04-22,-0.06361556064073226
kospi/017670.csv,2020-04-23,-0.04622425629290616
kospi/017670.csv,2020-04-24,-0.036613272311212815
kospi/017670.csv,2020-04-27,-0.02791762013729981
kospi/017670.csv,2020-04-28,-0.02471395881006866
kospi/017670.csv,2020-04-29,-0.027459954233409637
kospi/017670.csv,2020-05-04,-0.03386727688787183
kospi/017670.csv,2020-05-06,-0.036613272311212815
kospi/017670.csv,2020-05-07,-0.042105263157894764
kospi/017670.csv,2020-05-08,-0.04759725400457671
kospi/017670.csv,2020-05-11,-0.05354691075514872
kospi/017670.csv,2020-05-12,-0.052173913043478286
kospi/017670.csv,2020-05-13,-0.052173913043478286
kospi/017670.csv,2020-05-14,-0.052173913043478286
kospi/017670.csv,2020-05-15,-0.05491990846681927
kospi/017670.csv,2020-05-18,-0.054462242562929086
kospi/017670.csv,2020-05-19,-0.05537757437070934
kospi/017670.csv,2020-05-20,-0.05080091533180775
kospi/017670.csv,2020-05-21,-0.04530892448512591
kospi/017670.csv,2020-05-22,-0.0411899313501144
kospi/017670.csv,2020-05-26,-0.035240274599542376
kospi/017670.csv,2020-05-27,-0.034324942791762014
kospi/017670.csv,2020-05-28,-0.03386727688787183
kospi/017670.csv,2020-05-29,-0.031121281464530862
kospi/017670.csv,2020-06-01,-0.01647597254004574
kospi/017670.csv,2020-06-02,-0.004576659038901587
kospi/017670.csv,2020-06-03,0.01372997711670476
kospi/017670.csv,2020-06-04,0.027459954233409526
kospi/017670.csv,2020-06-05,0.034324942791762014
kospi/017670.csv,2020-06-08,0.03249427917620129
kospi/017670.csv,2020-06-09,0.028832951945080062
kospi/017670.csv,2020-06-10,0.018764302059496533
kospi/017670.csv,2020-06-11,0.00778032036613263
kospi/017670.csv,2020-06-12,-0.00594965675057213
kospi/017670.csv,2020-06-15,-0.025629290617849017
kospi/017670.csv,2020-06-16,-0.036613272311212815
kospi/017670.csv,2020-06-17,-0.04759725400457671
kospi/017670.csv,2020-06-18,-0.0562929061784897
kospi/017670.csv,2020-06-19,-0.058581235697940486
kospi/017670.csv,2020-06-22,-0.05354691075514872
kospi/017670.csv,2020-06-23,-0.05675057208237987
kospi/017670.csv,2020-06-24,-0.05812356979405031
kospi/017670.csv,2020-06-25,-0.06041189931350111
kospi/017670.csv,2020-06-26,-0.05812356979405031
kospi/017670.csv,2020-06-29,-0.057665903890160124
kospi/017670.csv,2020-06-30,-0.05263157894736848
kospi/017670.csv,2020-07-01,-0.03752860411899317
kospi/017670.csv,2020-07-02,-0.017391304347826098
kospi/017670.csv,2020-07-06,-0.002288329519450793
kospi/017670.csv,2020-07-07,0.00778032036613263
kospi/017670.csv,2020-07-08,0.014645308924485125
kospi/017670.csv,2020-07-09,0.010983981693363898
kospi/017670.csv,2020-07-10,0.0018306636155607239
kospi/017670.csv,2020-07-13,-0.0068649885583523815
kospi/017670.csv,2020-07-14,-0.007322654462242562
kospi/017670.csv,2020-07-15,-0.0077803203661327425
kospi/017670.csv,2020-07-16,-0.0077803203661327425
kospi/017670.csv,2020-07-17,-0.00594965675057213
kospi/017670.csv,2020-07-20,-0.005034324942791768
kospi/017670.csv,2020-07-21,-0.0068649885583523815
kospi/017670.csv,2020-07-22,-0.010068649885583536
kospi/017670.csv,2020-07-23,-0.016018306636155555
kospi/017670.csv,2020-07-24,-0.02425629290617848
kospi/017670.csv,2020-07-27,-0.03157894736842104
kospi/017670.csv,2020-07-28,-0.03295194508009158
kospi/017670.csv,2020-07-29,-0.031121281464530862
kospi/017670.csv,2020-07-30,-0.02334096109839812
kospi/017670.csv,2020-07-31,-0.011899313501144149
kospi/017670.csv,2020-08-03,-0.002288329519450793
kospi/017670.csv,2020-08-04,0.008237986270022812
kospi/017670.csv,2020-08-05,0.017848970251716167
kospi/017670.csv,2020-08-06,0.01830663615560635
kospi/017670.csv,2020-08-07,0.0260869565217392
kospi/017670.csv,2020-08-10,0.04347826086956519
kospi/017670.csv,2020-08-11,0.054004576659038905
kospi/017670.csv,2020-08-12,0.06727688787185349
kospi/017670.csv,2020-08-13,0.08695652173913038
kospi/017670.csv,2020-08-14,0.09427917620137304
kospi/017670.csv,2020-08-18,0.08604118993135003
kospi/017670.csv,2020-08-19,0.08054919908466829
kospi/017670.csv,2020-08-20,0.06773455377574368
kospi/017670.csv,2020-08-21,0.06178489702517154
kospi/017670.csv,2020-08-24,0.06636155606407312
kospi/017670.csv,2020-08-25,0.08329519450800915
kospi/017670.csv,2020-08-26,0.09931350114416483
kospi/017670.csv,2020-08-27,0.11578947368421046
kospi/017670.csv,2020-08-28,0.12219679633867275
kospi/017670.csv,2020-08-31,0.1276887871853547
kospi/017670.csv,2020-09-01,0.12265446224256292
kospi/017670.csv,2020-09-02,0.11716247139588097
kospi/017670.csv,2020-09-03,0.11304347826086958
kospi/017670.csv,2020-09-04,0.108466819221968
kospi/017670.csv,2020-09-08,0.10251716247139586
kospi/017670.csv,2020-09-09,0.09885583524027464
