pbIndex,pb1,pb2,market,name,code,country,importance
001002,-0.066656,-0.685725,index,index/DJI.csv,INDEX.DJI,INDEX,10
001005,-0.241239,-0.294636,index,index/IXIC.csv,INDEX.IXIC,INDEX,10
001007,0.082854,-0.018455,index,index/KQ11.csv,INDEX.KQ11,INDEX,10
001008,-0.098130,-0.436603,index,index/KS11.csv,INDEX.KS11,INDEX,10
010000,0.059208,0.513404,kospi,kospi/000020.csv,KR.000020,KOREA,20
010001,0.203033,-0.075755,kospi,kospi/000040.csv,KR.000040,KOREA,20
010002,0.159119,0.061008,kospi,kospi/000050.csv,KR.000050,KOREA,20
010003,0.249363,-0.350078,kospi,kospi/000060.csv,KR.000060,KOREA,20
010004,-0.117745,-0.162364,kospi,kospi/000070.csv,KR.000070,KOREA,20
010005,-0.084268,-0.226680,kospi,kospi/000075.csv,KR.000075,KOREA,20
010006,0.200210,0.243248,kospi,kospi/000080.csv,KR.000080,KOREA,20
010007,-0.081315,-0.053246,kospi,kospi/000087.csv,KR.000087,KOREA,20
010008,0.055250,-0.037718,kospi,kospi/000100.csv,KR.000100,KOREA,20
010009,0.115937,0.199287,kospi,kospi/000105.csv,KR.000105,KOREA,20
010010,0.443337,0.182509,kospi,kospi/000120.csv,KR.000120,KOREA,20
010011,-0.027089,0.352520,kospi,kospi/000140.csv,KR.000140,KOREA,20
010012,-0.061715,-0.165735,kospi,kospi/000145.csv,KR.000145,KOREA,20
010013,0.715073,-0.551030,kospi,kospi/000150.csv,KR.000150,KOREA,20
010014,0.604389,-0.764871,kospi,kospi/000155.csv,KR.000155,KOREA,20
010015,-1.173186,-0.383517,kospi,kospi/000157.csv,KR.000157,KOREA,20
010016,0.066208,-0.077755,kospi,kospi/000180.csv,KR.000180,KOREA,20
010017,0.264509,0.008222,kospi,kospi/000210.csv,KR.000210,KOREA,20
010018,0.066318,-0.420584,kospi,kospi/000215.csv,KR.000215,KOREA,20
010019,0.074062,0.107428,kospi,kospi/000220.csv,KR.000220,KOREA,20
010020,-0.512951,0.045829,kospi,kospi/000225.csv,KR.000225,KOREA,20
010021,-0.619480,-0.009281,kospi,kospi/000227.csv,KR.000227,KOREA,20
010022,0.142267,-0.148413,kospi,kospi/000230.csv,KR.000230,KOREA,20
010023,-0.532102,-0.512694,kospi,kospi/000240.csv,KR.000240,KOREA,20
010024,-0.631269,-0.349268,kospi,kospi/000270.csv,KR.000270,KOREA,20
010025,0.323778,-0.269634,kospi,kospi/000300.csv,KR.000300,KOREA,20
010026,0.220114,-0.266960,kospi,kospi/000320.csv,KR.000320,KOREA,20
010027,0.115593,-0.561252,kospi,kospi/000325.csv,KR.000325,KOREA,20
010028,-0.015328,-0.252967,kospi,kospi/000370.csv,KR.000370,KOREA,20
010029,0.539272,0.140717,kospi,kospi/000390.csv,KR.000390,KOREA,20
010030,0.118334,-0.179154,kospi,kospi/000400.csv,KR.000400,KOREA,20
010031,-0.000764,-0.854390,kospi,kospi/000430.csv,KR.000430,KOREA,20
010032,0.609721,-0.009531,kospi,kospi/000480.csv,KR.000480,KOREA,20
010033,-0.082170,-0.014553,kospi,kospi/000490.csv,KR.000490,KOREA,20
010034,0.020997,-0.881093,kospi,kospi/000500.csv,KR.000500,KOREA,20
010035,0.092580,-0.067713,kospi,kospi/000520.csv,KR.000520,KOREA,20
010036,0.270575,-0.402075,kospi,kospi/000540.csv,KR.000540,KOREA,20
010037,0.988517,-0.562958,kospi,kospi/000545.csv,KR.000545,KOREA,20
010038,0.436310,0.229933,kospi,kospi/000547.csv,KR.000547,KOREA,20
010039,0.074986,-0.447169,kospi,kospi/000590.csv,KR.000590,KOREA,20
010040,0.028947,-0.431508,kospi,kospi/000640.csv,KR.000640,KOREA,20
010041,0.020930,-0.692423,kospi,kospi/000650.csv,KR.000650,KOREA,20
010042,0.829530,0.015425,kospi,kospi/000660.csv,KR.000660,KOREA,20
010043,0.442655,-0.189471,kospi,kospi/000670.csv,KR.000670,KOREA,20
010044,0.040039,-0.622868,kospi,kospi/000680.csv,KR.000680,KOREA,20
010045,0.282528,-0.150312,kospi,kospi/000700.csv,KR.000700,KOREA,20
010046,0.141126,-0.593989,kospi,kospi/000720.csv,KR.000720,KOREA,20
010047,-0.201878,0.304717,kospi,kospi/000725.csv,KR.000725,KOREA,20
010048,-0.127408,-0.637638,kospi,kospi/000760.csv,KR.000760,KOREA,20
010049,0.232226,-0.303223,kospi,kospi/000810.csv,KR.000810,KOREA,20
010050,0.278581,-0.181492,kospi,kospi/000815.csv,KR.000815,KOREA,20
010051,0.368597,-0.221493,kospi,kospi/000850.csv,KR.000850,KOREA,20
010052,0.234852,-0.357105,kospi,kospi/000860.csv,KR.000860,KOREA,20
010053,0.041091,-0.320037,kospi,kospi/000880.csv,KR.000880,KOREA,20
010054,-0.132493,0.226096,kospi,kospi/000885.csv,KR.000885,KOREA,20
010055,-0.169608,-0.767517,kospi,kospi/00088K.csv,KR.00088K,KOREA,20
010056,0.395240,-0.205720,kospi,kospi/000890.csv,KR.000890,KOREA,20
010057,-0.485974,0.245510,kospi,kospi/000910.csv,KR.000910,KOREA,20
010058,-0.301486,0.089506,kospi,kospi/000950.csv,KR.000950,KOREA,20
010059,0.189766,-0.191016,kospi,kospi/000970.csv,KR.000970,KOREA,20
010060,-0.229324,-0.267666,kospi,kospi/000990.csv,KR.000990,KOREA,20
010061,-0.072088,0.148218,kospi,kospi/000995.csv,KR.000995,KOREA,20
010063,0.088366,-0.315776,kospi,kospi/001040.csv,KR.001040,KOREA,20
010064,0.040312,-0.497599,kospi,kospi/001045.csv,KR.001045,KOREA,20
010065,0.146145,-0.691449,kospi,kospi/00104K.csv,KR.00104K,KOREA,20
010066,0.446893,0.380015,kospi,kospi/001060.csv,KR.001060,KOREA,20
010067,-0.400607,0.349494,kospi,kospi/001065.csv,KR.001065,KOREA,20
010068,-0.551492,-0.083751,kospi,kospi/001067.csv,KR.001067,KOREA,20
010069,-0.119940,-0.219989,kospi,kospi/001070.csv,KR.001070,KOREA,20
010070,-0.094066,-0.510148,kospi,kospi/001080.csv,KR.001080,KOREA,20
010071,0.122307,0.070817,kospi,kospi/001120.csv,KR.001120,KOREA,20
010072,-0.056788,-0.205950,kospi,kospi/001130.csv,KR.001130,KOREA,20
010073,-0.019330,0.025917,kospi,kospi/001140.csv,KR.001140,KOREA,20
010074,0.089920,0.332690,kospi,kospi/001200.csv,KR.001200,KOREA,20
010075,0.143791,-0.093784,kospi,kospi/001210.csv,KR.001210,KOREA,20
010076,-0.037580,-0.140342,kospi,kospi/001230.csv,KR.001230,KOREA,20
010077,0.143496,-0.636586,kospi,kospi/001250.csv,KR.001250,KOREA,20
010078,0.209655,0.106110,kospi,kospi/001260.csv,KR.001260,KOREA,20
010079,-0.090045,-0.596982,kospi,kospi/001270.csv,KR.001270,KOREA,20
010080,-0.086282,-0.646882,kospi,kospi/001275.csv,KR.001275,KOREA,20
010081,0.678578,0.095130,kospi,kospi/001290.csv,KR.001290,KOREA,20
010082,-0.128616,-0.294630,kospi,kospi/001340.csv,KR.001340,KOREA,20
010083,0.297657,-0.004187,kospi,kospi/001360.csv,KR.001360,KOREA,20
010084,-0.422340,-0.315544,kospi,kospi/001380.csv,KR.001380,KOREA,20
010085,-0.192929,-0.202962,kospi,kospi/001390.csv,KR.001390,KOREA,20
010086,0.387528,-0.222538,kospi,kospi/001420.csv,KR.001420,KOREA,20
010087,-0.281848,-0.605407,kospi,kospi/001430.csv,KR.001430,KOREA,20
010088,0.293351,0.164861,kospi,kospi/001440.csv,KR.001440,KOREA,20
010089,0.349520,0.013762,kospi,kospi/001450.csv,KR.001450,KOREA,20
010090,0.148941,-0.172236,kospi,kospi/001460.csv,KR.001460,KOREA,20
010092,0.116279,-0.114965,kospi,kospi/001470.csv,KR.001470,KOREA,20
010093,-0.078733,-0.412582,kospi,kospi/001500.csv,KR.001500,KOREA,20
010094,-0.087553,0.078409,kospi,kospi/001510.csv,KR.001510,KOREA,20
010095,-0.208855,0.400654,kospi,kospi/001515.csv,KR.001515,KOREA,20
010096,0.113783,-0.334988,kospi,kospi/001520.csv,KR.001520,KOREA,20
010097,-0.307262,-0.367559,kospi,kospi/001525.csv,KR.001525,KOREA,20
010098,-0.181262,-0.083250,kospi,kospi/001527.csv,KR.001527,KOREA,20
010099,0.373530,0.020097,kospi,kospi/001529.csv,KR.001529,KOREA,20
010100,-0.370895,-0.415712,kospi,kospi/001530.csv,KR.001530,KOREA,20
010101,-0.203183,0.039595,kospi,kospi/001550.csv,KR.001550,KOREA,20
010102,0.148381,-0.141867,kospi,kospi/001560.csv,KR.001560,KOREA,20
010103,-0.098403,-0.063217,kospi,kospi/001570.csv,KR.001570,KOREA,20
010104,0.598104,-0.019866,kospi,kospi/001620.csv,KR.001620,KOREA,20
010105,0.257540,-0.034096,kospi,kospi/001630.csv,KR.001630,KOREA,20
010106,0.114738,0.031503,kospi,kospi/001680.csv,KR.001680,KOREA,20
010107,0.060663,0.022253,kospi,kospi/001685.csv,KR.001685,KOREA,20
010108,0.511376,-0.083362,kospi,kospi/001720.csv,KR.001720,KOREA,20
010109,0.598931,-0.121156,kospi,kospi/001725.csv,KR.001725,KOREA,20
010110,0.704715,0.391624,kospi,kospi/001740.csv,KR.001740,KOREA,20
010111,-0.254350,0.320627,kospi,kospi/001745.csv,KR.001745,KOREA,20
010112,-0.605423,-0.562236,kospi,kospi/001750.csv,KR.001750,KOREA,20
010113,-0.116827,-0.134227,kospi,kospi/001755.csv,KR.001755,KOREA,20
010115,-0.517102,-0.305403,kospi,kospi/001780.csv,KR.001780,KOREA,20
010116,0.015540,-0.738054,kospi,kospi/001790.csv,KR.001790,KOREA,20
010117,0.069342,-0.503425,kospi,kospi/001795.csv,KR.001795,KOREA,20
010118,0.525713,-0.045061,kospi,kospi/001800.csv,KR.001800,KOREA,20
010119,-0.472990,-0.615445,kospi,kospi/001820.csv,KR.001820,KOREA,20
010120,0.198935,0.306634,kospi,kospi/001880.csv,KR.001880,KOREA,20
010121,0.112793,-0.433607,kospi,kospi/001940.csv,KR.001940,KOREA,20
010122,0.238113,0.110665,kospi,kospi/002020.csv,KR.002020,KOREA,20
010123,-0.037159,-0.069612,kospi,kospi/002025.csv,KR.002025,KOREA,20
010124,0.573082,-0.286273,kospi,kospi/002030.csv,KR.002030,KOREA,20
010126,0.229064,0.191349,kospi,kospi/002100.csv,KR.002100,KOREA,20
010127,0.009806,0.160626,kospi,kospi/002140.csv,KR.002140,KOREA,20
010128,0.207005,-0.039528,kospi,kospi/002150.csv,KR.002150,KOREA,20
010129,-0.083689,-0.560922,kospi,kospi/002170.csv,KR.002170,KOREA,20
010130,0.142066,-0.525996,kospi,kospi/002200.csv,KR.002200,KOREA,20
010131,0.151751,-0.190943,kospi,kospi/002210.csv,KR.002210,KOREA,20
010132,-0.349002,-0.960049,kospi,kospi/002220.csv,KR.002220,KOREA,20
010133,-0.100720,-0.802397,kospi,kospi/002240.csv,KR.002240,KOREA,20
010134,0.225903,-0.106955,kospi,kospi/002270.csv,KR.002270,KOREA,20
010135,0.170383,-0.470826,kospi,kospi/002310.csv,KR.002310,KOREA,20
010136,0.305341,0.334272,kospi,kospi/002320.csv,KR.002320,KOREA,20
010137,0.256798,-0.341911,kospi,kospi/002350.csv,KR.002350,KOREA,20
010138,-0.068149,-0.895774,kospi,kospi/002355.csv,KR.002355,KOREA,20
010139,0.268004,-0.324073,kospi,kospi/002360.csv,KR.002360,KOREA,20
010140,0.303820,-0.270563,kospi,kospi/002380.csv,KR.002380,KOREA,20
010141,-0.055566,0.001471,kospi,kospi/002390.csv,KR.002390,KOREA,20
010142,-0.404017,0.031036,kospi,kospi/002410.csv,KR.002410,KOREA,20
010144,0.244799,-0.276929,kospi,kospi/002450.csv,KR.002450,KOREA,20
010145,-0.213691,-0.280977,kospi,kospi/002460.csv,KR.002460,KOREA,20
010146,0.351269,0.104570,kospi,kospi/002600.csv,KR.002600,KOREA,20
010147,0.001383,0.211286,kospi,kospi/002620.csv,KR.002620,KOREA,20
010148,-1.345974,-0.109248,kospi,kospi/002630.csv,KR.002630,KOREA,20
010149,0.093645,-1.020102,kospi,kospi/002690.csv,KR.002690,KOREA,20
010150,0.172256,0.014978,kospi,kospi/002700.csv,KR.002700,KOREA,20
010151,-0.514896,-0.436738,kospi,kospi/002710.csv,KR.002710,KOREA,20
010152,-0.228194,0.071711,kospi,kospi/002720.csv,KR.002720,KOREA,20
010153,0.130639,-0.187585,kospi,kospi/002760.csv,KR.002760,KOREA,20
010154,0.278209,-0.025514,kospi,kospi/002780.csv,KR.002780,KOREA,20
010155,0.080864,-0.484319,kospi,kospi/002785.csv,KR.002785,KOREA,20
010156,0.481208,0.069655,kospi,kospi/002787.csv,KR.002787,KOREA,20
010157,0.295267,-0.294381,kospi,kospi/002790.csv,KR.002790,KOREA,20
010158,-0.284014,-0.959258,kospi,kospi/002795.csv,KR.002795,KOREA,20
010159,0.337055,-0.335550,kospi,kospi/00279K.csv,KR.00279K,KOREA,20
010160,0.301707,-0.234207,kospi,kospi/002810.csv,KR.002810,KOREA,20
010161,0.205302,-0.206826,kospi,kospi/002820.csv,KR.002820,KOREA,20
010162,0.087208,0.119107,kospi,kospi/002840.csv,KR.002840,KOREA,20
010163,0.103906,-0.096184,kospi,kospi/002870.csv,KR.002870,KOREA,20
010164,0.344094,-0.317100,kospi,kospi/002880.csv,KR.002880,KOREA,20
010165,0.319084,-0.071855,kospi,kospi/002900.csv,KR.002900,KOREA,20
010166,0.380527,-0.012246,kospi,kospi/002920.csv,KR.002920,KOREA,20
010167,0.627043,0.012871,kospi,kospi/002960.csv,KR.002960,KOREA,20
010168,0.276445,-0.232102,kospi,kospi/002990.csv,KR.002990,KOREA,20
010169,-0.050089,-0.028402,kospi,kospi/002995.csv,KR.002995,KOREA,20
010170,0.235369,0.543027,kospi,kospi/003000.csv,KR.003000,KOREA,20
010171,0.146815,0.056027,kospi,kospi/003010.csv,KR.003010,KOREA,20
010172,-0.371322,-0.264164,kospi,kospi/003030.csv,KR.003030,KOREA,20
010173,0.173275,0.004755,kospi,kospi/003060.csv,KR.003060,KOREA,20
010174,-0.205444,-0.245977,kospi,kospi/003070.csv,KR.003070,KOREA,20
010175,-0.085831,0.020637,kospi,kospi/003075.csv,KR.003075,KOREA,20
010176,0.100081,-0.047768,kospi,kospi/003080.csv,KR.003080,KOREA,20
010177,-0.015080,0.454593,kospi,kospi/003090.csv,KR.003090,KOREA,20
010178,0.634964,0.041819,kospi,kospi/003120.csv,KR.003120,KOREA,20
010179,0.124437,0.126509,kospi,kospi/003160.csv,KR.003160,KOREA,20
010180,-0.334198,-0.362176,kospi,kospi/003200.csv,KR.003200,KOREA,20
010181,0.095011,0.078210,kospi,kospi/003220.csv,KR.003220,KOREA,20
010182,0.166007,0.108296,kospi,kospi/003230.csv,KR.003230,KOREA,20
010183,0.254668,-0.323090,kospi,kospi/003240.csv,KR.003240,KOREA,20
010185,0.161995,0.093636,kospi,kospi/003300.csv,KR.003300,KOREA,20
010186,0.204928,0.162345,kospi,kospi/003350.csv,KR.003350,KOREA,20
010187,0.351983,-0.079917,kospi,kospi/003410.csv,KR.003410,KOREA,20
010188,0.031318,0.300961,kospi,kospi/003415.csv,KR.003415,KOREA,20
010189,0.623143,0.137444,kospi,kospi/003460.csv,KR.003460,KOREA,20
010190,0.561051,0.128902,kospi,kospi/003465.csv,KR.003465,KOREA,20
010191,0.080811,-0.051300,kospi,kospi/003470.csv,KR.003470,KOREA,20
010192,0.034566,-0.521361,kospi,kospi/003475.csv,KR.003475,KOREA,20
010193,0.648741,0.562780,kospi,kospi/003480.csv,KR.003480,KOREA,20
010194,-0.162210,-0.705515,kospi,kospi/003490.csv,KR.003490,KOREA,20
010195,-0.707619,-0.408085,kospi,kospi/003495.csv,KR.003495,KOREA,20
010196,-0.143474,-0.281687,kospi,kospi/003520.csv,KR.003520,KOREA,20
010197,0.158353,-0.224817,kospi,kospi/003530.csv,KR.003530,KOREA,20
010198,-0.275089,-0.135413,kospi,kospi/003535.csv,KR.003535,KOREA,20
010199,0.133974,-0.131342,kospi,kospi/003540.csv,KR.003540,KOREA,20
010200,0.304674,0.073122,kospi,kospi/003545.csv,KR.003545,KOREA,20
010201,0.298312,0.091401,kospi,kospi/003547.csv,KR.003547,KOREA,20
010202,-0.120671,-0.408151,kospi,kospi/003550.csv,KR.003550,KOREA,20
010203,-0.112789,-0.516178,kospi,kospi/003555.csv,KR.003555,KOREA,20
010204,0.179198,-0.523731,kospi,kospi/003560.csv,KR.003560,KOREA,20
010205,0.780693,0.009461,kospi,kospi/003570.csv,KR.003570,KOREA,20
010206,0.227285,-0.456993,kospi,kospi/003580.csv,KR.003580,KOREA,20
010207,0.418917,-0.241094,kospi,kospi/003610.csv,KR.003610,KOREA,20
010208,-0.124493,0.184231,kospi,kospi/003620.csv,KR.003620,KOREA,20
010209,0.431543,-0.322364,kospi,kospi/003650.csv,KR.003650,KOREA,20
010210,-0.309560,-0.189279,kospi,kospi/003670.csv,KR.003670,KOREA,20
010211,-0.311865,0.307491,kospi,kospi/003680.csv,KR.003680,KOREA,20
010212,0.259259,-0.296923,kospi,kospi/003690.csv,KR.003690,KOREA,20
010213,-0.209290,-0.169206,kospi,kospi/003720.csv,KR.003720,KOREA,20
010214,-0.310748,-0.600373,kospi,kospi/003780.csv,KR.003780,KOREA,20
010215,0.102687,-0.566482,kospi,kospi/003830.csv,KR.003830,KOREA,20
010216,0.139316,0.076103,kospi,kospi/003850.csv,KR.003850,KOREA,20
010217,0.324895,-0.390772,kospi,kospi/003920.csv,KR.003920,KOREA,20
010218,-0.253072,-0.144006,kospi,kospi/003925.csv,KR.003925,KOREA,20
010219,0.116100,-0.218054,kospi,kospi/003960.csv,KR.003960,KOREA,20
010220,-0.061392,-0.295325,kospi,kospi/004000.csv,KR.004000,KOREA,20
010221,-0.342319,-0.489709,kospi,kospi/004020.csv,KR.004020,KOREA,20
010222,0.153109,-1.044561,kospi,kospi/004060.csv,KR.004060,KOREA,20
010223,0.628278,0.164846,kospi,kospi/004080.csv,KR.004080,KOREA,20
010224,0.218639,-0.157416,kospi,kospi/004090.csv,KR.004090,KOREA,20
010225,0.268709,-0.728839,kospi,kospi/004100.csv,KR.004100,KOREA,20
010226,-0.283047,-0.363137,kospi,kospi/004105.csv,KR.004105,KOREA,20
010227,0.136369,-0.303312,kospi,kospi/004140.csv,KR.004140,KOREA,20
010229,0.671206,0.011822,kospi,kospi/004170.csv,KR.004170,KOREA,20
010230,0.155280,-0.463164,kospi,kospi/004250.csv,KR.004250,KOREA,20
010231,0.450633,-0.020481,kospi,kospi/004255.csv,KR.004255,KOREA,20
010232,0.099236,-0.365380,kospi,kospi/004270.csv,KR.004270,KOREA,20
010233,-0.028786,-0.020799,kospi,kospi/004310.csv,KR.004310,KOREA,20
010234,0.155441,-0.057781,kospi,kospi/004360.csv,KR.004360,KOREA,20
010235,-0.035099,-0.594893,kospi,kospi/004365.csv,KR.004365,KOREA,20
010236,0.098636,0.096826,kospi,kospi/004370.csv,KR.004370,KOREA,20
010237,0.233081,-0.374032,kospi,kospi/004380.csv,KR.004380,KOREA,20
010238,0.370971,-0.442060,kospi,kospi/004410.csv,KR.004410,KOREA,20
010239,1.328678,0.368606,kospi,kospi/004415.csv,KR.004415,KOREA,20
010240,0.215755,-0.011123,kospi,kospi/004430.csv,KR.004430,KOREA,20
010241,-0.206829,-0.295270,kospi,kospi/004440.csv,KR.004440,KOREA,20
010242,0.479941,-0.006263,kospi,kospi/004450.csv,KR.004450,KOREA,20
010243,-0.027920,-0.891527,kospi,kospi/004490.csv,KR.004490,KOREA,20
010244,0.416829,0.169666,kospi,kospi/004540.csv,KR.004540,KOREA,20
010245,-0.258378,-0.222377,kospi,kospi/004545.csv,KR.004545,KOREA,20
010246,0.165304,-0.165429,kospi,kospi/004560.csv,KR.004560,KOREA,20
010247,-0.047717,0.158762,kospi,kospi/004565.csv,KR.004565,KOREA,20
010248,0.418215,-0.180700,kospi,kospi/004690.csv,KR.004690,KOREA,20
010249,-0.067451,-0.105432,kospi,kospi/004700.csv,KR.004700,KOREA,20
010250,-0.392285,-0.258261,kospi,kospi/004710.csv,KR.004710,KOREA,20
010251,-1.146498,0.039267,kospi,kospi/004720.csv,KR.004720,KOREA,20
010252,0.437525,-0.268842,kospi,kospi/004770.csv,KR.004770,KOREA,20
010253,0.517664,-0.026329,kospi,kospi/004800.csv,KR.004800,KOREA,20
010254,-0.301983,-0.147835,kospi,kospi/004830.csv,KR.004830,KOREA,20
010255,0.011140,-0.276527,kospi,kospi/004835.csv,KR.004835,KOREA,20
010256,0.295946,0.237596,kospi,kospi/004840.csv,KR.004840,KOREA,20
010257,0.148986,-0.370794,kospi,kospi/004870.csv,KR.004870,KOREA,20
010258,-0.062957,-0.308206,kospi,kospi/004890.csv,KR.004890,KOREA,20
010259,0.137412,-0.080137,kospi,kospi/004910.csv,KR.004910,KOREA,20
010261,0.372448,-0.140771,kospi,kospi/004960.csv,KR.004960,KOREA,20
010262,0.308829,-0.160896,kospi,kospi/004970.csv,KR.004970,KOREA,20
010263,0.215218,0.076587,kospi,kospi/004980.csv,KR.004980,KOREA,20
010264,-0.325579,-0.038593,kospi,kospi/004985.csv,KR.004985,KOREA,20
010265,0.191031,-0.094892,kospi,kospi/004990.csv,KR.004990,KOREA,20
010266,0.126714,0.044991,kospi,kospi/00499K.csv,KR.00499K,KOREA,20
010267,0.131758,-1.187543,kospi,kospi/005010.csv,KR.005010,KOREA,20
010268,0.213684,-0.251907,kospi,kospi/005030.csv,KR.005030,KOREA,20
010269,-0.128977,0.018304,kospi,kospi/005070.csv,KR.005070,KOREA,20
010270,0.305942,-0.099077,kospi,kospi/005090.csv,KR.005090,KOREA,20
010271,0.224487,-0.504121,kospi,kospi/005110.csv,KR.005110,KOREA,20
010272,0.156280,-0.073464,kospi,kospi/005180.csv,KR.005180,KOREA,20
010273,0.406040,0.007974,kospi,kospi/005190.csv,KR.005190,KOREA,20
010274,0.371377,0.246351,kospi,kospi/005250.csv,KR.005250,KOREA,20
010275,-0.923188,0.509964,kospi,kospi/005257.csv,KR.005257,KOREA,20
010276,0.237061,-0.319579,kospi,kospi/005300.csv,KR.005300,KOREA,20
010277,0.063172,-0.636018,kospi,kospi/005305.csv,KR.005305,KOREA,20
010278,0.261437,0.431785,kospi,kospi/005320.csv,KR.005320,KOREA,20
010279,-0.521274,0.154301,kospi,kospi/005360.csv,KR.005360,KOREA,20
010280,-0.556331,-0.403396,kospi,kospi/005380.csv,KR.005380,KOREA,20
010281,-0.466511,-0.404564,kospi,kospi/005385.csv,KR.005385,KOREA,20
010282,-0.472714,-0.522509,kospi,kospi/005387.csv,KR.005387,KOREA,20
010283,-0.436599,-0.482173,kospi,kospi/005389.csv,KR.005389,KOREA,20
010284,-0.249616,-0.110109,kospi,kospi/005390.csv,KR.005390,KOREA,20
010285,-0.167157,-0.343889,kospi,kospi/005420.csv,KR.005420,KOREA,20
010286,0.106660,-0.290234,kospi,kospi/005430.csv,KR.005430,KOREA,20
010287,0.218293,-0.728747,kospi,kospi/005440.csv,KR.005440,KOREA,20
010288,-0.064105,-0.706048,kospi,kospi/005490.csv,KR.005490,KOREA,20
010289,0.082960,-0.041146,kospi,kospi/005500.csv,KR.005500,KOREA,20
010290,0.202707,-0.142507,kospi,kospi/005610.csv,KR.005610,KOREA,20
010291,0.413728,-0.057635,kospi,kospi/005680.csv,KR.005680,KOREA,20
010292,0.391578,0.578034,kospi,kospi/005690.csv,KR.005690,KOREA,20
010293,0.290986,-0.395479,kospi,kospi/005720.csv,KR.005720,KOREA,20
010294,-0.277495,-0.848714,kospi,kospi/005725.csv,KR.005725,KOREA,20
010295,0.199300,-0.248184,kospi,kospi/005740.csv,KR.005740,KOREA,20
010296,-0.228033,-0.534475,kospi,kospi/005745.csv,KR.005745,KOREA,20
010297,0.052319,0.120871,kospi,kospi/005750.csv,KR.005750,KOREA,20
010298,-0.138932,-0.546648,kospi,kospi/005800.csv,KR.005800,KOREA,20
010299,0.278851,-0.275458,kospi,kospi/005810.csv,KR.005810,KOREA,20
010300,0.331580,-0.179020,kospi,kospi/005820.csv,KR.005820,KOREA,20
010301,0.062081,-0.143115,kospi,kospi/005830.csv,KR.005830,KOREA,20
010303,0.072507,-0.230973,kospi,kospi/005870.csv,KR.005870,KOREA,20
010304,0.245547,-0.119262,kospi,kospi/005880.csv,KR.005880,KOREA,20
010305,-0.135820,-0.614004,kospi,kospi/005930.csv,KR.005930,KOREA,20
010306,-0.026059,-0.562666,kospi,kospi/005935.csv,KR.005935,KOREA,20
010307,0.280175,-0.205934,kospi,kospi/005940.csv,KR.005940,KOREA,20
010308,0.952388,0.050317,kospi,kospi/005945.csv,KR.005945,KOREA,20
010309,0.241914,0.033658,kospi,kospi/005950.csv,KR.005950,KOREA,20
010310,0.095611,0.056313,kospi,kospi/005960.csv,KR.005960,KOREA,20
010311,-0.061661,0.136660,kospi,kospi/005965.csv,KR.005965,KOREA,20
010312,0.103276,-0.182487,kospi,kospi/006040.csv,KR.006040,KOREA,20
010313,0.488524,-0.508477,kospi,kospi/006060.csv,KR.006060,KOREA,20
010314,0.184150,-0.933059,kospi,kospi/006090.csv,KR.006090,KOREA,20
010315,-0.186386,-0.246886,kospi,kospi/006110.csv,KR.006110,KOREA,20
010316,-0.719754,-0.005675,kospi,kospi/006120.csv,KR.006120,KOREA,20
010317,-0.686723,0.147858,kospi,kospi/006125.csv,KR.006125,KOREA,20
010318,0.314750,-1.235261,kospi,kospi/006200.csv,KR.006200,KOREA,20
010319,0.141719,-0.833730,kospi,kospi/006220.csv,KR.006220,KOREA,20
010320,0.017592,-0.528417,kospi,kospi/006260.csv,KR.006260,KOREA,20
010321,-0.435882,0.069205,kospi,kospi/006280.csv,KR.006280,KOREA,20
010322,0.099661,-0.283995,kospi,kospi/006340.csv,KR.006340,KOREA,20
010323,-0.062106,-0.058993,kospi,kospi/006345.csv,KR.006345,KOREA,20
010324,0.120262,-0.628590,kospi,kospi/006360.csv,KR.006360,KOREA,20
010325,0.482390,-0.158911,kospi,kospi/006370.csv,KR.006370,KOREA,20
010326,0.135459,-0.329880,kospi,kospi/006380.csv,KR.006380,KOREA,20
010327,0.320535,0.014098,kospi,kospi/006390.csv,KR.006390,KOREA,20
010328,0.054147,0.045950,kospi,kospi/006400.csv,KR.006400,KOREA,20
010329,-0.083923,0.046377,kospi,kospi/006405.csv,KR.006405,KOREA,20
010330,0.302921,-0.556469,kospi,kospi/006490.csv,KR.006490,KOREA,20
010331,0.289450,-0.058232,kospi,kospi/006570.csv,KR.006570,KOREA,20
010332,0.331439,0.280238,kospi,kospi/006650.csv,KR.006650,KOREA,20
010333,-0.196396,-0.986223,kospi,kospi/006660.csv,KR.006660,KOREA,20
010334,0.181919,-0.144410,kospi,kospi/006740.csv,KR.006740,KOREA,20
010335,-0.721500,-0.305606,kospi,kospi/006800.csv,KR.006800,KOREA,20
010336,-0.692718,-0.305898,kospi,kospi/006805.csv,KR.006805,KOREA,20
010337,-0.669988,-0.333079,kospi,kospi/00680K.csv,KR.00680K,KOREA,20
010338,0.280043,-0.548966,kospi,kospi/006840.csv,KR.006840,KOREA,20
010339,0.086233,-0.177334,kospi,kospi/006880.csv,KR.006880,KOREA,20
010340,-0.221825,-0.186806,kospi,kospi/006890.csv,KR.006890,KOREA,20
010341,0.146389,-0.103463,kospi,kospi/006980.csv,KR.006980,KOREA,20
010342,0.080306,-0.283584,kospi,kospi/007070.csv,KR.007070,KOREA,20
010343,0.175419,-0.016110,kospi,kospi/007110.csv,KR.007110,KOREA,20
010344,0.580402,0.371848,kospi,kospi/007120.csv,KR.007120,KOREA,20
010345,0.160123,-0.147411,kospi,kospi/007160.csv,KR.007160,KOREA,20
010346,0.015982,-0.104072,kospi,kospi/007210.csv,KR.007210,KOREA,20
010347,0.127364,-0.098832,kospi,kospi/007280.csv,KR.007280,KOREA,20
010348,0.447517,0.150908,kospi,kospi/007310.csv,KR.007310,KOREA,20
010349,0.827465,0.038817,kospi,kospi/007340.csv,KR.007340,KOREA,20
010350,0.234521,-0.000263,kospi,kospi/007460.csv,KR.007460,KOREA,20
010351,0.085335,0.251028,kospi,kospi/007540.csv,KR.007540,KOREA,20
010352,0.141619,0.637030,kospi,kospi/007570.csv,KR.007570,KOREA,20
010353,-0.063506,0.829830,kospi,kospi/007575.csv,KR.007575,KOREA,20
010354,0.319720,-0.156544,kospi,kospi/007590.csv,KR.007590,KOREA,20
010355,0.126027,-0.230027,kospi,kospi/007610.csv,KR.007610,KOREA,20
010357,-0.292281,-0.248256,kospi,kospi/007660.csv,KR.007660,KOREA,20
010358,0.631193,0.106967,kospi,kospi/007690.csv,KR.007690,KOREA,20
010359,0.672224,0.304104,kospi,kospi/007700.csv,KR.007700,KOREA,20
010360,-1.014727,-0.397334,kospi,kospi/007810.csv,KR.007810,KOREA,20
010361,-0.751137,-0.224248,kospi,kospi/007815.csv,KR.007815,KOREA,20
010362,-0.669167,-0.252700,kospi,kospi/00781K.csv,KR.00781K,KOREA,20
010363,-0.452038,0.029659,kospi,kospi/007860.csv,KR.007860,KOREA,20
010364,0.250318,-0.670656,kospi,kospi/007980.csv,KR.007980,KOREA,20
010365,0.205773,-0.238509,kospi,kospi/008040.csv,KR.008040,KOREA,20
010368,0.145742,-0.004962,kospi,kospi/008110.csv,KR.008110,KOREA,20
010369,-0.045689,0.017839,kospi,kospi/008250.csv,KR.008250,KOREA,20
010370,0.105588,-0.076592,kospi,kospi/008260.csv,KR.008260,KOREA,20
010371,0.381116,0.303898,kospi,kospi/008350.csv,KR.008350,KOREA,20
010372,-0.279805,0.381423,kospi,kospi/008355.csv,KR.008355,KOREA,20
010373,-0.016090,-0.192436,kospi,kospi/008420.csv,KR.008420,KOREA,20
010374,0.114643,0.113328,kospi,kospi/008490.csv,KR.008490,KOREA,20
010375,0.744711,-0.410163,kospi,kospi/008500.csv,KR.008500,KOREA,20
010376,0.174878,-0.260697,kospi,kospi/008560.csv,KR.008560,KOREA,20
010377,0.123091,-0.271366,kospi,kospi/008600.csv,KR.008600,KOREA,20
010378,0.160958,-0.634235,kospi,kospi/008700.csv,KR.008700,KOREA,20
010379,0.392217,0.206188,kospi,kospi/008730.csv,KR.008730,KOREA,20
010380,0.680913,-0.013022,kospi,kospi/008770.csv,KR.008770,KOREA,20
010381,0.056878,-0.257859,kospi,kospi/008775.csv,KR.008775,KOREA,20
010382,0.035270,-0.677918,kospi,kospi/008870.csv,KR.008870,KOREA,20
010383,-0.421068,-0.093265,kospi,kospi/008930.csv,KR.008930,KOREA,20
010384,0.245842,-0.015659,kospi,kospi/008970.csv,KR.008970,KOREA,20
010385,0.179236,-0.213831,kospi,kospi/009070.csv,KR.009070,KOREA,20
010386,0.459911,0.014449,kospi,kospi/009140.csv,KR.009140,KOREA,20
010387,-0.209967,-0.529776,kospi,kospi/009150.csv,KR.009150,KOREA,20
010388,-0.304149,-0.380854,kospi,kospi/009155.csv,KR.009155,KOREA,20
010389,0.184105,-0.686015,kospi,kospi/009160.csv,KR.009160,KOREA,20
010390,-0.085643,-0.245751,kospi,kospi/009180.csv,KR.009180,KOREA,20
010391,-0.009686,0.130174,kospi,kospi/009190.csv,KR.009190,KOREA,20
010392,0.221605,-0.340874,kospi,kospi/009200.csv,KR.009200,KOREA,20
010393,0.155461,0.160893,kospi,kospi/009240.csv,KR.009240,KOREA,20
010394,0.238815,-0.063053,kospi,kospi/009270.csv,KR.009270,KOREA,20
010395,-0.086748,-0.153757,kospi,kospi/009275.csv,KR.009275,KOREA,20
010396,0.128357,0.167419,kospi,kospi/009290.csv,KR.009290,KOREA,20
010397,0.124855,-0.504528,kospi,kospi/009310.csv,KR.009310,KOREA,20
010398,0.155236,-0.124182,kospi,kospi/009320.csv,KR.009320,KOREA,20
010399,0.070089,0.020446,kospi,kospi/009410.csv,KR.009410,KOREA,20
010400,-0.843270,-0.098175,kospi,kospi/009415.csv,KR.009415,KOREA,20
010401,0.035024,-0.058180,kospi,kospi/009420.csv,KR.009420,KOREA,20
010402,0.026269,-0.768621,kospi,kospi/009440.csv,KR.009440,KOREA,20
010403,-0.139826,-0.160616,kospi,kospi/009450.csv,KR.009450,KOREA,20
010404,0.480795,-0.903103,kospi,kospi/009460.csv,KR.009460,KOREA,20
010405,0.061677,-0.317357,kospi,kospi/009470.csv,KR.009470,KOREA,20
010406,0.780857,-0.112389,kospi,kospi/009540.csv,KR.009540,KOREA,20
010407,0.312759,-0.278470,kospi,kospi/009580.csv,KR.009580,KOREA,20
010408,-0.337707,-0.427433,kospi,kospi/009680.csv,KR.009680,KOREA,20
010409,-0.328305,-0.801718,kospi,kospi/009770.csv,KR.009770,KOREA,20
010410,0.318717,-0.649580,kospi,kospi/009810.csv,KR.009810,KOREA,20
010411,-0.418272,-0.165413,kospi,kospi/009830.csv,KR.009830,KOREA,20
010412,-0.170056,0.212803,kospi,kospi/009835.csv,KR.009835,KOREA,20
010413,0.207645,-0.656957,kospi,kospi/009970.csv,KR.009970,KOREA,20
010414,0.090036,-0.212016,kospi,kospi/010040.csv,KR.010040,KOREA,20
010415,0.136337,-0.542820,kospi,kospi/010050.csv,KR.010050,KOREA,20
010416,-0.646936,-0.396572,kospi,kospi/010060.csv,KR.010060,KOREA,20
010417,0.018665,0.127567,kospi,kospi/010100.csv,KR.010100,KOREA,20
010418,0.006411,-0.386342,kospi,kospi/010120.csv,KR.010120,KOREA,20
010419,0.391154,-0.166828,kospi,kospi/010130.csv,KR.010130,KOREA,20
010420,-0.736575,-0.951063,kospi,kospi/010140.csv,KR.010140,KOREA,20
010421,-0.229749,0.944128,kospi,kospi/010145.csv,KR.010145,KOREA,20
010422,-0.391366,-0.709287,kospi,kospi/010400.csv,KR.010400,KOREA,20
010423,0.034826,-1.173392,kospi,kospi/010420.csv,KR.010420,KOREA,20
010425,-0.114085,-0.086984,kospi,kospi/010600.csv,KR.010600,KOREA,20
010426,-0.061985,-1.039303,kospi,kospi/010620.csv,KR.010620,KOREA,20
010427,0.512719,-0.320488,kospi,kospi/010640.csv,KR.010640,KOREA,20
010428,0.244401,0.172337,kospi,kospi/010660.csv,KR.010660,KOREA,20
010429,0.164403,-1.562397,kospi,kospi/010690.csv,KR.010690,KOREA,20
010430,0.219919,-0.214589,kospi,kospi/010770.csv,KR.010770,KOREA,20
010431,-0.124180,-0.023148,kospi,kospi/010780.csv,KR.010780,KOREA,20
010432,-0.044159,-0.180766,kospi,kospi/010820.csv,KR.010820,KOREA,20
010433,0.257480,-0.130913,kospi,kospi/010950.csv,KR.010950,KOREA,20
010434,0.264305,-0.143956,kospi,kospi/010955.csv,KR.010955,KOREA,20
010435,0.242075,-0.041449,kospi,kospi/010960.csv,KR.010960,KOREA,20
010436,0.309443,0.905973,kospi,kospi/011000.csv,KR.011000,KOREA,20
010437,0.012899,-0.127892,kospi,kospi/011070.csv,KR.011070,KOREA,20
010438,0.090085,-0.340937,kospi,kospi/011090.csv,KR.011090,KOREA,20
010439,0.137344,-0.245609,kospi,kospi/011150.csv,KR.011150,KOREA,20
010440,-0.048273,-0.233274,kospi,kospi/011155.csv,KR.011155,KOREA,20
010441,0.724568,0.071086,kospi,kospi/011170.csv,KR.011170,KOREA,20
010442,0.109492,0.216384,kospi,kospi/011200.csv,KR.011200,KOREA,20
010443,-0.286977,-0.487353,kospi,kospi/011210.csv,KR.011210,KOREA,20
010444,0.106373,-0.628199,kospi,kospi/011230.csv,KR.011230,KOREA,20
010445,0.293148,-0.349532,kospi,kospi/011280.csv,KR.011280,KOREA,20
010446,0.312401,-0.833497,kospi,kospi/011300.csv,KR.011300,KOREA,20
010447,0.227155,-0.385512,kospi,kospi/011330.csv,KR.011330,KOREA,20
010448,0.164500,-0.024595,kospi,kospi/011390.csv,KR.011390,KOREA,20
010449,-0.417871,-0.543122,kospi,kospi/011420.csv,KR.011420,KOREA,20
010450,-0.092908,-0.404045,kospi,kospi/011500.csv,KR.011500,KOREA,20
010452,0.248352,-0.145566,kospi,kospi/011700.csv,KR.011700,KOREA,20
010453,0.193371,-0.160618,kospi,kospi/011760.csv,KR.011760,KOREA,20
010454,0.069808,0.119752,kospi,kospi/011780.csv,KR.011780,KOREA,20
010455,-0.251356,-0.246561,kospi,kospi/011785.csv,KR.011785,KOREA,20
010456,-0.356346,-0.186193,kospi,kospi/011790.csv,KR.011790,KOREA,20
010457,0.269716,-0.580131,kospi,kospi/011810.csv,KR.011810,KOREA,20
010458,-0.048640,0.058679,kospi,kospi/011930.csv,KR.011930,KOREA,20
010459,0.205304,-0.182092,kospi,kospi/012030.csv,KR.012030,KOREA,20
010460,0.134092,0.039708,kospi,kospi/012160.csv,KR.012160,KOREA,20
010462,-0.019411,-0.672412,kospi,kospi/012200.csv,KR.012200,KOREA,20
010463,0.064887,-0.286934,kospi,kospi/012205.csv,KR.012205,KOREA,20
010464,0.127573,0.088687,kospi,kospi/012280.csv,KR.012280,KOREA,20
010465,-0.134522,-1.599812,kospi,kospi/012320.csv,KR.012320,KOREA,20
010466,-0.226371,-0.555128,kospi,kospi/012330.csv,KR.012330,KOREA,20
010467,0.044021,-0.943277,kospi,kospi/012450.csv,KR.012450,KOREA,20
010468,-0.013635,-0.057213,kospi,kospi/012510.csv,KR.012510,KOREA,20
010469,-0.873468,0.033173,kospi,kospi/012600.csv,KR.012600,KOREA,20
010470,0.014763,-0.332845,kospi,kospi/012610.csv,KR.012610,KOREA,20
010471,0.317282,-0.136796,kospi,kospi/012630.csv,KR.012630,KOREA,20
010472,0.395910,0.093052,kospi,kospi/012690.csv,KR.012690,KOREA,20
010473,0.925692,0.338155,kospi,kospi/012750.csv,KR.012750,KOREA,20
010474,0.175265,-0.157088,kospi,kospi/012800.csv,KR.012800,KOREA,20
010475,0.246262,-0.061207,kospi,kospi/013000.csv,KR.013000,KOREA,20
010476,0.221964,-0.203528,kospi,kospi/013360.csv,KR.013360,KOREA,20
010477,0.477030,-0.255639,kospi,kospi/013520.csv,KR.013520,KOREA,20
010478,0.152709,-0.305165,kospi,kospi/013570.csv,KR.013570,KOREA,20
010479,-0.158577,-0.229456,kospi,kospi/013580.csv,KR.013580,KOREA,20
010480,0.186279,-0.221485,kospi,kospi/013700.csv,KR.013700,KOREA,20
010481,-0.237406,-0.515172,kospi,kospi/013870.csv,KR.013870,KOREA,20
010482,0.011572,-0.577653,kospi,kospi/013890.csv,KR.013890,KOREA,20
010483,0.071397,-1.278258,kospi,kospi/014130.csv,KR.014130,KOREA,20
010484,0.216236,-0.179482,kospi,kospi/014160.csv,KR.014160,KOREA,20
010485,0.064143,-0.398740,kospi,kospi/014280.csv,KR.014280,KOREA,20
010486,-0.066483,-0.138783,kospi,kospi/014285.csv,KR.014285,KOREA,20
010487,-0.616406,-0.292338,kospi,kospi/014440.csv,KR.014440,KOREA,20
010488,0.225198,-0.279849,kospi,kospi/014530.csv,KR.014530,KOREA,20
010489,0.164565,-0.133786,kospi,kospi/014580.csv,KR.014580,KOREA,20
010490,-0.111245,0.020636,kospi,kospi/014680.csv,KR.014680,KOREA,20
010491,0.235985,-0.289710,kospi,kospi/014710.csv,KR.014710,KOREA,20
010492,0.049449,0.034661,kospi,kospi/014790.csv,KR.014790,KOREA,20
010493,0.107021,-0.251830,kospi,kospi/014820.csv,KR.014820,KOREA,20
010494,-0.286390,-0.351037,kospi,kospi/014825.csv,KR.014825,KOREA,20
010495,0.107115,-0.139400,kospi,kospi/014830.csv,KR.014830,KOREA,20
010496,0.466875,-0.287011,kospi,kospi/014910.csv,KR.014910,KOREA,20
010497,1.027869,-0.116207,kospi,kospi/014915.csv,KR.014915,KOREA,20
010498,0.191981,-0.003698,kospi,kospi/014990.csv,KR.014990,KOREA,20
010499,0.009316,-0.686288,kospi,kospi/015020.csv,KR.015020,KOREA,20
010500,-0.157038,-0.565239,kospi,kospi/015230.csv,KR.015230,KOREA,20
010501,0.396270,-0.849136,kospi,kospi/015260.csv,KR.015260,KOREA,20
010502,0.025974,-0.038338,kospi,kospi/015350.csv,KR.015350,KOREA,20
010503,0.402659,-0.002220,kospi,kospi/015360.csv,KR.015360,KOREA,20
010504,0.441869,0.480229,kospi,kospi/015540.csv,KR.015540,KOREA,20
010505,0.180232,-0.607788,kospi,kospi/015590.csv,KR.015590,KOREA,20
010506,0.685511,0.055697,kospi,kospi/015760.csv,KR.015760,KOREA,20
010507,-0.099363,-0.274762,kospi,kospi/015860.csv,KR.015860,KOREA,20
010508,0.188619,-0.806071,kospi,kospi/015890.csv,KR.015890,KOREA,20
010509,0.398664,-0.220980,kospi,kospi/016090.csv,KR.016090,KOREA,20
010510,0.492444,-0.134821,kospi,kospi/016360.csv,KR.016360,KOREA,20
010511,0.308927,0.407274,kospi,kospi/016380.csv,KR.016380,KOREA,20
010512,-0.028227,0.220062,kospi,kospi/016385.csv,KR.016385,KOREA,20
010513,0.330338,-0.486112,kospi,kospi/016450.csv,KR.016450,KOREA,20
010514,0.449372,0.070798,kospi,kospi/016580.csv,KR.016580,KOREA,20
010515,0.370386,-0.026448,kospi,kospi/016590.csv,KR.016590,KOREA,20
010516,-0.103296,-0.571936,kospi,kospi/016610.csv,KR.016610,KOREA,20
010517,0.172221,0.328226,kospi,kospi/016710.csv,KR.016710,KOREA,20
010518,-0.394600,-0.286565,kospi,kospi/016740.csv,KR.016740,KOREA,20
010519,0.482760,0.030386,kospi,kospi/016800.csv,KR.016800,KOREA,20
010520,0.378397,-0.039261,kospi,kospi/016880.csv,KR.016880,KOREA,20
010521,0.141632,-0.404015,kospi,kospi/017040.csv,KR.017040,KOREA,20
010522,0.399653,0.357629,kospi,kospi/017180.csv,KR.017180,KOREA,20
010523,0.337197,-0.580791,kospi,kospi/017370.csv,KR.017370,KOREA,20
010524,0.603890,0.105140,kospi,kospi/017390.csv,KR.017390,KOREA,20
010525,0.114452,-0.661927,kospi,kospi/017550.csv,KR.017550,KOREA,20
010526,0.301687,-0.086498,kospi,kospi/017670.csv,KR.017670,KOREA,20
010527,0.271815,0.047171,kospi,kospi/017800.csv,KR.017800,KOREA,20
010528,0.062875,0.282361,kospi,kospi/017810.csv,KR.017810,KOREA,20
010529,-0.083266,-0.473415,kospi,kospi/017900.csv,KR.017900,KOREA,20
010530,-0.352685,-0.669269,kospi,kospi/017940.csv,KR.017940,KOREA,20
010531,-0.541523,-0.605806,kospi,kospi/017960.csv,KR.017960,KOREA,20
010532,0.188184,-0.411483,kospi,kospi/018250.csv,KR.018250,KOREA,20
010533,0.260760,-0.104289,kospi,kospi/018260.csv,KR.018260,KOREA,20
010534,0.423029,-0.225767,kospi,kospi/018470.csv,KR.018470,KOREA,20
010535,-0.718669,-1.443032,kospi,kospi/018500.csv,KR.018500,KOREA,20
010536,-0.080846,-0.502991,kospi,kospi/018670.csv,KR.018670,KOREA,20
010537,-0.196141,-0.633907,kospi,kospi/018880.csv,KR.018880,KOREA,20
010538,-0.567917,0.747014,kospi,kospi/019170.csv,KR.019170,KOREA,20
010539,-0.880441,0.971907,kospi,kospi/019175.csv,KR.019175,KOREA,20
010540,0.451219,-0.324192,kospi,kospi/019180.csv,KR.019180,KOREA,20
010541,0.300704,-0.247365,kospi,kospi/019440.csv,KR.019440,KOREA,20
010542,0.161113,-0.089260,kospi,kospi/019490.csv,KR.019490,KOREA,20
010543,0.207354,-0.411989,kospi,kospi/019680.csv,KR.019680,KOREA,20
010544,0.316962,-0.251396,kospi,kospi/019685.csv,KR.019685,KOREA,20
010545,-0.000137,-0.140019,kospi,kospi/020000.csv,KR.020000,KOREA,20
010546,0.015018,0.188244,kospi,kospi/020120.csv,KR.020120,KOREA,20
010547,-0.273009,-0.462914,kospi,kospi/020150.csv,KR.020150,KOREA,20
010548,0.236137,-0.153806,kospi,kospi/020560.csv,KR.020560,KOREA,20
010549,0.698027,-0.595519,kospi,kospi/020760.csv,KR.020760,KOREA,20
010550,0.149060,0.100712,kospi,kospi/021050.csv,KR.021050,KOREA,20
010551,-0.305934,-0.324157,kospi,kospi/021240.csv,KR.021240,KOREA,20
010553,0.487620,-0.321474,kospi,kospi/023000.csv,KR.023000,KOREA,20
010554,0.669298,0.205251,kospi,kospi/023150.csv,KR.023150,KOREA,20
010555,0.539999,0.190964,kospi,kospi/023350.csv,KR.023350,KOREA,20
010556,1.025393,0.385194,kospi,kospi/023450.csv,KR.023450,KOREA,20
010557,0.267871,-0.373858,kospi,kospi/023530.csv,KR.023530,KOREA,20
010558,0.108519,0.014468,kospi,kospi/023590.csv,KR.023590,KOREA,20
010559,-0.585211,-0.189457,kospi,kospi/023800.csv,KR.023800,KOREA,20
010560,-0.017285,-0.324342,kospi,kospi/023810.csv,KR.023810,KOREA,20
010561,0.172603,-0.070948,kospi,kospi/023960.csv,KR.023960,KOREA,20
010562,-0.194389,-0.957209,kospi,kospi/024070.csv,KR.024070,KOREA,20
010563,0.881996,0.151501,kospi,kospi/024090.csv,KR.024090,KOREA,20
010564,0.793935,-0.086404,kospi,kospi/024110.csv,KR.024110,KOREA,20
010565,-0.140604,-0.211197,kospi,kospi/024720.csv,KR.024720,KOREA,20
010566,0.024703,0.073451,kospi,kospi/024890.csv,KR.024890,KOREA,20
010567,-0.886073,-0.275267,kospi,kospi/024900.csv,KR.024900,KOREA,20
010568,0.441167,-0.054390,kospi,kospi/025000.csv,KR.025000,KOREA,20
010569,0.296314,-0.218708,kospi,kospi/025530.csv,KR.025530,KOREA,20
010570,-0.173263,-0.309572,kospi,kospi/025540.csv,KR.025540,KOREA,20
010572,0.267063,-0.218459,kospi,kospi/025620.csv,KR.025620,KOREA,20
010573,-0.222527,-0.332145,kospi,kospi/025750.csv,KR.025750,KOREA,20
010574,0.015887,-0.620555,kospi,kospi/025820.csv,KR.025820,KOREA,20
010575,0.296570,-0.025803,kospi,kospi/025860.csv,KR.025860,KOREA,20
010576,0.254163,-0.064736,kospi,kospi/025890.csv,KR.025890,KOREA,20
010577,-0.176600,-0.014058,kospi,kospi/026890.csv,KR.026890,KOREA,20
010578,-0.112374,-0.171278,kospi,kospi/026940.csv,KR.026940,KOREA,20
010579,-0.172108,-0.148653,kospi,kospi/026960.csv,KR.026960,KOREA,20
010580,0.236580,-0.254458,kospi,kospi/027410.csv,KR.027410,KOREA,20
010581,0.183800,-0.046166,kospi,kospi/027740.csv,KR.027740,KOREA,20
010582,0.223055,-0.090951,kospi,kospi/027970.csv,KR.027970,KOREA,20
010583,-0.054330,-1.362711,kospi,kospi/028050.csv,KR.028050,KOREA,20
010584,0.220152,-0.040683,kospi,kospi/028100.csv,KR.028100,KOREA,20
010585,-0.025674,-0.542892,kospi,kospi/028260.csv,KR.028260,KOREA,20
010586,-0.265375,-0.267953,kospi,kospi/02826K.csv,KR.02826K,KOREA,20
010587,-0.212050,-0.753750,kospi,kospi/028670.csv,KR.028670,KOREA,20
010588,0.149256,0.133050,kospi,kospi/029460.csv,KR.029460,KOREA,20
010589,0.380472,-0.387146,kospi,kospi/029530.csv,KR.029530,KOREA,20
010590,0.594346,-0.140663,kospi,kospi/029780.csv,KR.029780,KOREA,20
010591,0.412956,-0.197888,kospi,kospi/030000.csv,KR.030000,KOREA,20
010592,0.154042,-0.166880,kospi,kospi/030200.csv,KR.030200,KOREA,20
010593,0.392808,0.159382,kospi,kospi/030210.csv,KR.030210,KOREA,20
010594,0.207671,-0.344790,kospi,kospi/030610.csv,KR.030610,KOREA,20
010595,0.187210,-0.889588,kospi,kospi/030720.csv,KR.030720,KOREA,20
010596,0.033868,-0.151397,kospi,kospi/030790.csv,KR.030790,KOREA,20
010597,0.748853,0.264907,kospi,kospi/031430.csv,KR.031430,KOREA,20
010598,0.152430,-0.259247,kospi,kospi/031440.csv,KR.031440,KOREA,20
010599,0.169973,-0.497196,kospi,kospi/031820.csv,KR.031820,KOREA,20
010601,-0.012492,-0.686684,kospi,kospi/032560.csv,KR.032560,KOREA,20
010602,0.207954,-0.264041,kospi,kospi/032640.csv,KR.032640,KOREA,20
010603,0.410336,-0.285586,kospi,kospi/032830.csv,KR.032830,KOREA,20
010604,0.274144,-0.432618,kospi,kospi/033180.csv,KR.033180,KOREA,20
010605,-0.604082,-0.418151,kospi,kospi/033240.csv,KR.033240,KOREA,20
010606,-0.105521,-0.287055,kospi,kospi/033250.csv,KR.033250,KOREA,20
010607,-0.139977,0.089749,kospi,kospi/033270.csv,KR.033270,KOREA,20
010608,-0.161336,0.008490,kospi,kospi/033530.csv,KR.033530,KOREA,20
010609,0.600742,0.147196,kospi,kospi/033660.csv,KR.033660,KOREA,20
010610,0.418313,-0.095334,kospi,kospi/033780.csv,KR.033780,KOREA,20
010611,0.177854,-0.414442,kospi,kospi/033920.csv,KR.033920,KOREA,20
010612,-0.464044,-0.193810,kospi,kospi/034020.csv,KR.034020,KOREA,20
010613,0.352062,-0.385847,kospi,kospi/034120.csv,KR.034120,KOREA,20
010614,-0.361929,-0.729756,kospi,kospi/034220.csv,KR.034220,KOREA,20
010615,0.205029,-0.124100,kospi,kospi/034300.csv,KR.034300,KOREA,20
010616,0.180984,-0.171613,kospi,kospi/034310.csv,KR.034310,KOREA,20
010617,0.537352,-0.030843,kospi,kospi/034590.csv,KR.034590,KOREA,20
010618,0.012884,-0.198381,kospi,kospi/034730.csv,KR.034730,KOREA,20
010619,-0.101476,0.290429,kospi,kospi/03473K.csv,KR.03473K,KOREA,20
010620,0.555604,-0.076904,kospi,kospi/034830.csv,KR.034830,KOREA,20
010621,0.222779,-0.239097,kospi,kospi/035000.csv,KR.035000,KOREA,20
010622,0.670306,-0.169656,kospi,kospi/035150.csv,KR.035150,KOREA,20
010623,0.232437,-0.132572,kospi,kospi/035250.csv,KR.035250,KOREA,20
010624,0.073358,0.202508,kospi,kospi/035420.csv,KR.035420,KOREA,20
010625,0.353626,0.175495,kospi,kospi/035510.csv,KR.035510,KOREA,20
010626,-0.133522,0.127362,kospi,kospi/035720.csv,KR.035720,KOREA,20
010627,0.282634,-0.313971,kospi,kospi/036420.csv,KR.036420,KOREA,20
010628,0.144172,-0.424474,kospi,kospi/036460.csv,KR.036460,KOREA,20
010629,0.328260,0.073556,kospi,kospi/036530.csv,KR.036530,KOREA,20
010630,0.125159,0.007761,kospi,kospi/036570.csv,KR.036570,KOREA,20
010631,0.254069,0.324232,kospi,kospi/036580.csv,KR.036580,KOREA,20
010632,-0.267377,0.216298,kospi,kospi/037270.csv,KR.037270,KOREA,20
010633,0.225136,-0.224646,kospi,kospi/037560.csv,KR.037560,KOREA,20
010634,0.520695,-0.067826,kospi,kospi/037710.csv,KR.037710,KOREA,20
010635,0.704227,0.011518,kospi,kospi/039130.csv,KR.039130,KOREA,20
010636,0.082829,0.134131,kospi,kospi/039490.csv,KR.039490,KOREA,20
010637,0.110515,-0.228063,kospi,kospi/039570.csv,KR.039570,KOREA,20
010638,0.342958,-0.371165,kospi,kospi/041650.csv,KR.041650,KOREA,20
010639,-0.266517,-0.362575,kospi,kospi/042660.csv,KR.042660,KOREA,20
010640,0.023516,0.321363,kospi,kospi/042670.csv,KR.042670,KOREA,20
010641,-0.472581,-0.349192,kospi,kospi/042700.csv,KR.042700,KOREA,20
010643,-0.044768,-0.473758,kospi,kospi/044450.csv,KR.044450,KOREA,20
010644,-0.185495,0.101937,kospi,kospi/044820.csv,KR.044820,KOREA,20
010645,-0.021984,-0.958455,kospi,kospi/047040.csv,KR.047040,KOREA,20
010646,0.167667,-0.723786,kospi,kospi/047050.csv,KR.047050,KOREA,20
010647,-0.397745,0.188983,kospi,kospi/047400.csv,KR.047400,KOREA,20
010648,0.151864,-0.526808,kospi,kospi/047810.csv,KR.047810,KOREA,20
010649,0.249979,-0.307591,kospi,kospi/049770.csv,KR.049770,KOREA,20
010650,-0.407924,-1.201533,kospi,kospi/049800.csv,KR.049800,KOREA,20
010651,0.699993,-0.054591,kospi,kospi/051600.csv,KR.051600,KOREA,20
010652,0.917617,-0.635913,kospi,kospi/051630.csv,KR.051630,KOREA,20
010653,0.371125,0.088346,kospi,kospi/051900.csv,KR.051900,KOREA,20
010654,0.913334,0.069395,kospi,kospi/051905.csv,KR.051905,KOREA,20
010655,-0.357012,-0.107138,kospi,kospi/051910.csv,KR.051910,KOREA,20
010656,-0.383497,-0.121329,kospi,kospi/051915.csv,KR.051915,KOREA,20
010657,0.278891,-0.254732,kospi,kospi/052690.csv,KR.052690,KOREA,20
010658,0.037943,-0.079810,kospi,kospi/053210.csv,KR.053210,KOREA,20
010659,0.152219,-0.235597,kospi,kospi/053690.csv,KR.053690,KOREA,20
010660,-0.078019,-0.179664,kospi,kospi/055490.csv,KR.055490,KOREA,20
010661,-0.113918,-0.822420,kospi,kospi/055550.csv,KR.055550,KOREA,20
010662,0.273482,-0.832655,kospi,kospi/057050.csv,KR.057050,KOREA,20
010663,0.107717,-0.778114,kospi,kospi/058430.csv,KR.058430,KOREA,20
010664,0.060431,-0.532335,kospi,kospi/058650.csv,KR.058650,KOREA,20
010665,0.231000,-0.343251,kospi,kospi/058730.csv,KR.058730,KOREA,20
010666,0.163748,-0.242804,kospi,kospi/058850.csv,KR.058850,KOREA,20
010667,-0.085699,-0.413192,kospi,kospi/058860.csv,KR.058860,KOREA,20
010668,0.700940,-0.123929,kospi,kospi/060980.csv,KR.060980,KOREA,20
010669,-0.272075,-0.202721,kospi,kospi/063160.csv,KR.063160,KOREA,20
010670,0.236724,0.073683,kospi,kospi/064350.csv,KR.064350,KOREA,20
010671,-0.395596,-0.337335,kospi,kospi/064960.csv,KR.064960,KOREA,20
010672,-0.337136,-0.238073,kospi,kospi/066570.csv,KR.066570,KOREA,20
010673,-0.283222,-0.270988,kospi,kospi/066575.csv,KR.066575,KOREA,20
010674,0.201052,-0.328348,kospi,kospi/067830.csv,KR.067830,KOREA,20
010675,-0.101040,0.122441,kospi,kospi/068270.csv,KR.068270,KOREA,20
010676,0.225551,-0.066924,kospi,kospi/068290.csv,KR.068290,KOREA,20
010677,0.165029,-0.680102,kospi,kospi/068400.csv,KR.068400,KOREA,20
010678,0.210760,-0.316394,kospi,kospi/069260.csv,KR.069260,KOREA,20
010679,0.250443,-0.532899,kospi,kospi/069460.csv,KR.069460,KOREA,20
010680,0.059092,-0.726630,kospi,kospi/069620.csv,KR.069620,KOREA,20
010681,0.273811,-0.358604,kospi,kospi/069640.csv,KR.069640,KOREA,20
010682,0.060832,-0.565533,kospi,kospi/069730.csv,KR.069730,KOREA,20
010683,0.675111,-0.028974,kospi,kospi/069960.csv,KR.069960,KOREA,20
010684,0.231703,-0.199257,kospi,kospi/070960.csv,KR.070960,KOREA,20
010685,0.930308,-0.131506,kospi,kospi/071050.csv,KR.071050,KOREA,20
010686,-0.442318,-0.424423,kospi,kospi/071055.csv,KR.071055,KOREA,20
010687,0.294130,-0.134810,kospi,kospi/071090.csv,KR.071090,KOREA,20
010688,0.171281,-0.328811,kospi,kospi/071320.csv,KR.071320,KOREA,20
010689,0.172560,0.226454,kospi,kospi/071840.csv,KR.071840,KOREA,20
010690,0.181837,-0.197999,kospi,kospi/071950.csv,KR.071950,KOREA,20
010691,0.119437,-0.244715,kospi,kospi/071970.csv,KR.071970,KOREA,20
010692,0.302417,-0.449716,kospi,kospi/072130.csv,KR.072130,KOREA,20
010693,0.397277,0.033347,kospi,kospi/072710.csv,KR.072710,KOREA,20
010694,0.589870,-0.157821,kospi,kospi/073240.csv,KR.073240,KOREA,20
010695,0.168822,-0.566354,kospi,kospi/074610.csv,KR.074610,KOREA,20
010696,-0.266037,-0.746855,kospi,kospi/075180.csv,KR.075180,KOREA,20
010697,-0.103428,0.158742,kospi,kospi/075580.csv,KR.075580,KOREA,20
010698,-0.080731,0.195123,kospi,kospi/077500.csv,KR.077500,KOREA,20
010699,0.123662,-0.404771,kospi,kospi/077970.csv,KR.077970,KOREA,20
010700,0.613232,0.266414,kospi,kospi/078000.csv,KR.078000,KOREA,20
010701,0.285413,-0.381724,kospi,kospi/078520.csv,KR.078520,KOREA,20
010702,0.799076,0.030360,kospi,kospi/078930.csv,KR.078930,KOREA,20
010703,0.546250,-0.061589,kospi,kospi/078935.csv,KR.078935,KOREA,20
010704,0.265243,-0.180837,kospi,kospi/079160.csv,KR.079160,KOREA,20
010705,0.164431,0.453648,kospi,kospi/079430.csv,KR.079430,KOREA,20
010706,-0.014634,-0.014764,kospi,kospi/079550.csv,KR.079550,KOREA,20
010707,-0.151210,-0.382702,kospi,kospi/079980.csv,KR.079980,KOREA,20
010708,-0.319159,0.168114,kospi,kospi/081000.csv,KR.081000,KOREA,20
010709,0.223476,-0.778210,kospi,kospi/081660.csv,KR.081660,KOREA,20
010710,0.195272,-0.228606,kospi,kospi/082640.csv,KR.082640,KOREA,20
010711,-0.025778,-0.118976,kospi,kospi/082740.csv,KR.082740,KOREA,20
010712,0.177986,-0.120657,kospi,kospi/083420.csv,KR.083420,KOREA,20
010713,0.171824,0.089560,kospi,kospi/084010.csv,KR.084010,KOREA,20
010714,0.464578,0.047780,kospi,kospi/084670.csv,KR.084670,KOREA,20
010715,0.248814,-0.235042,kospi,kospi/084680.csv,KR.084680,KOREA,20
010716,0.142739,0.263929,kospi,kospi/084690.csv,KR.084690,KOREA,20
010717,0.009595,-0.069111,kospi,kospi/084695.csv,KR.084695,KOREA,20
010718,-0.579713,-1.189512,kospi,kospi/084870.csv,KR.084870,KOREA,20
010719,0.045582,-0.211639,kospi,kospi/085310.csv,KR.085310,KOREA,20
010720,0.319988,-0.350219,kospi,kospi/085620.csv,KR.085620,KOREA,20
010721,-0.332454,-0.643305,kospi,kospi/086280.csv,KR.086280,KOREA,20
010722,-0.309275,-0.843943,kospi,kospi/086790.csv,KR.086790,KOREA,20
010723,0.837085,0.173423,kospi,kospi/088260.csv,KR.088260,KOREA,20
010724,0.192330,-0.348857,kospi,kospi/088350.csv,KR.088350,KOREA,20
010725,-0.315989,-1.076651,kospi,kospi/088790.csv,KR.088790,KOREA,20
010726,0.417041,-0.004650,kospi,kospi/088980.csv,KR.088980,KOREA,20
010727,0.085061,-0.108305,kospi,kospi/089470.csv,KR.089470,KOREA,20
010728,0.261799,-0.265701,kospi,kospi/089590.csv,KR.089590,KOREA,20
010729,0.133465,-0.390683,kospi,kospi/090080.csv,KR.090080,KOREA,20
010730,0.316422,-0.036380,kospi,kospi/090350.csv,KR.090350,KOREA,20
010731,-0.261747,-0.554136,kospi,kospi/090355.csv,KR.090355,KOREA,20
010732,-0.012532,-0.003486,kospi,kospi/090370.csv,KR.090370,KOREA,20
010733,0.605511,0.170210,kospi,kospi/090430.csv,KR.090430,KOREA,20
010734,0.504198,-0.193226,kospi,kospi/090435.csv,KR.090435,KOREA,20
010735,0.211515,0.024565,kospi,kospi/091090.csv,KR.091090,KOREA,20
010736,0.205797,-0.475748,kospi,kospi/091810.csv,KR.091810,KOREA,20
010737,-0.146521,-0.595449,kospi,kospi/092200.csv,KR.092200,KOREA,20
010738,0.061846,-0.882070,kospi,kospi/092220.csv,KR.092220,KOREA,20
010739,0.554641,-0.087914,kospi,kospi/092230.csv,KR.092230,KOREA,20
010740,0.398666,-0.236105,kospi,kospi/092440.csv,KR.092440,KOREA,20
010741,-0.014182,-0.297472,kospi,kospi/092780.csv,KR.092780,KOREA,20
010742,0.390499,-0.027581,kospi,kospi/093050.csv,KR.093050,KOREA,20
010743,0.122141,-0.071113,kospi,kospi/093230.csv,KR.093230,KOREA,20
010744,-0.543711,-0.224799,kospi,kospi/093240.csv,KR.093240,KOREA,20
010745,0.086083,-0.409518,kospi,kospi/093370.csv,KR.093370,KOREA,20
010746,-0.207233,0.078075,kospi,kospi/094280.csv,KR.094280,KOREA,20
010747,0.589194,-0.136311,kospi,kospi/094800.csv,KR.094800,KOREA,20
010748,0.275346,-0.487659,kospi,kospi/095570.csv,KR.095570,KOREA,20
010750,0.551967,-0.046991,kospi,kospi/096300.csv,KR.096300,KOREA,20
010751,0.390544,0.003048,kospi,kospi/096760.csv,KR.096760,KOREA,20
010752,-0.768352,-0.340798,kospi,kospi/096770.csv,KR.096770,KOREA,20
010753,-0.334355,-0.141533,kospi,kospi/096775.csv,KR.096775,KOREA,20
010754,0.214398,0.215685,kospi,kospi/097230.csv,KR.097230,KOREA,20
010755,-0.130969,0.043978,kospi,kospi/097950.csv,KR.097950,KOREA,20
010756,0.051691,0.098494,kospi,kospi/097955.csv,KR.097955,KOREA,20
010757,0.442673,-1.151863,kospi,kospi/100220.csv,KR.100220,KOREA,20
010758,0.393272,-0.048556,kospi,kospi/100250.csv,KR.100250,KOREA,20
010759,0.211767,-0.298478,kospi,kospi/100840.csv,KR.100840,KOREA,20
010760,0.493002,0.050623,kospi,kospi/101060.csv,KR.101060,KOREA,20
010761,0.442615,0.335338,kospi,kospi/101140.csv,KR.101140,KOREA,20
010762,0.113323,-0.002850,kospi,kospi/101530.csv,KR.101530,KOREA,20
010763,0.196102,-0.215835,kospi,kospi/102260.csv,KR.102260,KOREA,20
010764,0.253358,-0.176889,kospi,kospi/102280.csv,KR.102280,KOREA,20
010765,0.066066,0.083567,kospi,kospi/102460.csv,KR.102460,KOREA,20
010766,-0.069356,-0.420161,kospi,kospi/103140.csv,KR.103140,KOREA,20
010767,-0.219996,-0.508346,kospi,kospi/103590.csv,KR.103590,KOREA,20
010768,0.025081,-0.116576,kospi,kospi/104700.csv,KR.104700,KOREA,20
010769,0.975468,0.011682,kospi,kospi/105560.csv,KR.105560,KOREA,20
010770,-0.010552,-1.095251,kospi,kospi/105630.csv,KR.105630,KOREA,20
010771,0.514674,0.140374,kospi,kospi/105840.csv,KR.105840,KOREA,20
010772,0.318201,0.055442,kospi,kospi/107590.csv,KR.107590,KOREA,20
010773,0.021883,0.148621,kospi,kospi/108670.csv,KR.108670,KOREA,20
010774,-0.009386,-0.160479,kospi,kospi/108675.csv,KR.108675,KOREA,20
010776,0.359891,-0.650838,kospi,kospi/111110.csv,KR.111110,KOREA,20
010777,-0.070006,-1.175054,kospi,kospi/111770.csv,KR.111770,KOREA,20
010778,-0.387018,-0.029997,kospi,kospi/112610.csv,KR.112610,KOREA,20
010779,0.305274,-0.403884,kospi,kospi/114090.csv,KR.114090,KOREA,20
010780,0.136919,-0.849628,kospi,kospi/115390.csv,KR.115390,KOREA,20
010781,0.357716,-0.046535,kospi,kospi/117580.csv,KR.117580,KOREA,20
010782,-0.336073,-0.325777,kospi,kospi/118000.csv,KR.118000,KOREA,20
010783,0.119209,-0.696764,kospi,kospi/119650.csv,KR.119650,KOREA,20
010784,-0.053211,-0.115829,kospi,kospi/120030.csv,KR.120030,KOREA,20
010785,-0.018145,-0.591336,kospi,kospi/120110.csv,KR.120110,KOREA,20
010786,-0.279698,-0.565317,kospi,kospi/120115.csv,KR.120115,KOREA,20
010787,0.716825,0.148789,kospi,kospi/122900.csv,KR.122900,KOREA,20
010788,0.200404,-0.045804,kospi,kospi/123690.csv,KR.123690,KOREA,20
010789,0.212419,-1.074610,kospi,kospi/123700.csv,KR.123700,KOREA,20
010790,-0.194068,-0.352744,kospi,kospi/123890.csv,KR.123890,KOREA,20
010791,0.190885,0.057954,kospi,kospi/126560.csv,KR.126560,KOREA,20
010792,0.344364,-0.141325,kospi,kospi/128820.csv,KR.128820,KOREA,20
010793,0.520320,0.048373,kospi,kospi/128940.csv,KR.128940,KOREA,20
010794,-0.422189,-0.208941,kospi,kospi/129260.csv,KR.129260,KOREA,20
010795,0.263376,-0.087312,kospi,kospi/130660.csv,KR.130660,KOREA,20
010796,-0.007317,-0.220999,kospi,kospi/133820.csv,KR.133820,KOREA,20
010797,0.131020,-0.038930,kospi,kospi/134380.csv,KR.134380,KOREA,20
010798,0.062112,0.053602,kospi,kospi/134790.csv,KR.134790,KOREA,20
010799,0.032232,-0.335633,kospi,kospi/136490.csv,KR.136490,KOREA,20
010800,0.273414,-0.161248,kospi,kospi/138040.csv,KR.138040,KOREA,20
010801,-0.078489,0.103948,kospi,kospi/138250.csv,KR.138250,KOREA,20
010802,-0.009413,-0.364959,kospi,kospi/138490.csv,KR.138490,KOREA,20
010803,0.763645,-0.175514,kospi,kospi/138930.csv,KR.138930,KOREA,20
010804,0.154090,-0.770676,kospi,kospi/139130.csv,KR.139130,KOREA,20
010805,0.563855,0.208387,kospi,kospi/139480.csv,KR.139480,KOREA,20
010806,0.116575,-0.159814,kospi,kospi/140910.csv,KR.140910,KOREA,20
010807,0.434461,-0.156560,kospi,kospi/143210.csv,KR.143210,KOREA,20
010808,-0.256956,0.012135,kospi,kospi/144620.csv,KR.144620,KOREA,20
010810,0.571557,-0.098064,kospi,kospi/145270.csv,KR.145270,KOREA,20
010811,0.181715,-0.271551,kospi,kospi/145720.csv,KR.145720,KOREA,20
010812,-0.220201,-0.140520,kospi,kospi/145990.csv,KR.145990,KOREA,20
010813,-0.229343,-0.030252,kospi,kospi/145995.csv,KR.145995,KOREA,20
010814,-0.026266,-0.519617,kospi,kospi/152330.csv,KR.152330,KOREA,20
010815,0.587993,0.054743,kospi,kospi/152550.csv,KR.152550,KOREA,20
010816,0.877617,0.025660,kospi,kospi/153360.csv,KR.153360,KOREA,20
010817,0.112528,-0.600392,kospi,kospi/155660.csv,KR.155660,KOREA,20
010818,0.560140,0.025706,kospi,kospi/155900.csv,KR.155900,KOREA,20
010819,0.232887,-0.172756,kospi,kospi/161000.csv,KR.161000,KOREA,20
010820,-0.356886,-0.356662,kospi,kospi/161390.csv,KR.161390,KOREA,20
010821,0.348770,-0.045590,kospi,kospi/161890.csv,KR.161890,KOREA,20
010822,0.115099,0.325472,kospi,kospi/163560.csv,KR.163560,KOREA,20
010824,0.361982,-0.115661,kospi,kospi/170900.csv,KR.170900,KOREA,20
010825,0.623516,-0.031759,kospi,kospi/172580.csv,KR.172580,KOREA,20
010826,0.303531,-0.183865,kospi,kospi/175330.csv,KR.175330,KOREA,20
010827,0.203287,0.038292,kospi,kospi/180640.csv,KR.180640,KOREA,20
010828,-0.191143,-0.787305,kospi,kospi/18064K.csv,KR.18064K,KOREA,20
010829,0.176264,-0.086036,kospi,kospi/181710.csv,KR.181710,KOREA,20
010830,0.246754,-0.192143,kospi,kospi/183190.csv,KR.183190,KOREA,20
010831,-0.321588,-0.084230,kospi,kospi/185750.csv,KR.185750,KOREA,20
010832,0.220773,0.324366,kospi,kospi/192080.csv,KR.192080,KOREA,20
010833,0.531934,-0.099988,kospi,kospi/192400.csv,KR.192400,KOREA,20
010834,-0.559815,0.107647,kospi,kospi/192650.csv,KR.192650,KOREA,20
010835,0.278997,0.027084,kospi,kospi/192820.csv,KR.192820,KOREA,20
010836,0.462322,-0.462081,kospi,kospi/194370.csv,KR.194370,KOREA,20
010837,-0.443248,-0.355973,kospi,kospi/195870.csv,KR.195870,KOREA,20
010838,-0.463409,-0.575525,kospi,kospi/200880.csv,KR.200880,KOREA,20
010839,0.896302,0.126962,kospi,kospi/204210.csv,KR.204210,KOREA,20
010840,-0.445622,-0.745623,kospi,kospi/204320.csv,KR.204320,KOREA,20
010841,0.132875,0.306961,kospi,kospi/207940.csv,KR.207940,KOREA,20
010842,-0.024668,-0.172406,kospi,kospi/210540.csv,KR.210540,KOREA,20
010843,-0.033016,-0.353528,kospi,kospi/210980.csv,KR.210980,KOREA,20
010844,0.165275,-0.102178,kospi,kospi/213500.csv,KR.213500,KOREA,20
010845,0.352284,-0.528555,kospi,kospi/214320.csv,KR.214320,KOREA,20
010846,-0.259710,-0.064883,kospi,kospi/214330.csv,KR.214330,KOREA,20
010847,-0.230615,-0.219438,kospi,kospi/214390.csv,KR.214390,KOREA,20
010848,0.222824,-0.139934,kospi,kospi/214420.csv,KR.214420,KOREA,20
010849,-0.502176,-0.134346,kospi,kospi/226320.csv,KR.226320,KOREA,20
010850,0.151701,-0.204042,kospi,kospi/227840.csv,KR.227840,KOREA,20
010851,0.555637,-0.114776,kospi,kospi/229640.csv,KR.229640,KOREA,20
010852,0.067226,-0.192270,kospi,kospi/234080.csv,KR.234080,KOREA,20
010853,-0.305333,-0.674512,kospi,kospi/241560.csv,KR.241560,KOREA,20
010854,0.328289,-0.436629,kospi,kospi/241590.csv,KR.241590,KOREA,20
010855,0.028637,0.254825,kospi,kospi/248170.csv,KR.248170,KOREA,20
010856,0.047936,-0.417102,kospi,kospi/249420.csv,KR.249420,KOREA,20
010857,-0.166418,-0.114256,kospi,kospi/251270.csv,KR.251270,KOREA,20
010858,0.013063,-0.085632,kospi,kospi/264900.csv,KR.264900,KOREA,20
010859,0.001035,-0.361520,kospi,kospi/26490K.csv,KR.26490K,KOREA,20
010860,0.247326,-0.791720,kospi,kospi/267250.csv,KR.267250,KOREA,20
010861,-0.589302,-0.342976,kospi,kospi/267260.csv,KR.267260,KOREA,20
010862,-0.226218,-0.353887,kospi,kospi/267270.csv,KR.267270,KOREA,20
010863,0.260208,-0.154758,kospi,kospi/267290.csv,KR.267290,KOREA,20
010864,-0.138918,-0.322892,kospi,kospi/267850.csv,KR.267850,KOREA,20
010865,0.473892,0.180552,kospi,kospi/268280.csv,KR.268280,KOREA,20
010866,0.543601,0.463818,kospi,kospi/271560.csv,KR.271560,KOREA,20
010867,0.071117,0.341914,kospi,kospi/271980.csv,KR.271980,KOREA,20
010868,0.053836,-0.090688,kospi,kospi/272210.csv,KR.272210,KOREA,20
010869,0.301706,-0.722803,kospi,kospi/272450.csv,KR.272450,KOREA,20
010870,0.005572,-0.051278,kospi,kospi/272550.csv,KR.272550,KOREA,20
010871,0.254262,-0.464374,kospi,kospi/280360.csv,KR.280360,KOREA,20
010872,0.051110,-0.449648,kospi,kospi/281820.csv,KR.281820,KOREA,20
010873,0.145274,-0.346393,kospi,kospi/282330.csv,KR.282330,KOREA,20
010874,0.796976,0.225877,kospi,kospi/282690.csv,KR.282690,KOREA,20
010875,0.169058,-0.300202,kospi,kospi/284740.csv,KR.284740,KOREA,20
010876,-0.667322,0.254073,kospi,kospi/285130.csv,KR.285130,KOREA,20
010877,-0.568450,0.432339,kospi,kospi/28513K.csv,KR.28513K,KOREA,20
010878,0.100752,-0.194709,kospi,kospi/286940.csv,KR.286940,KOREA,20
010879,0.334462,-0.011606,kospi,kospi/293480.csv,KR.293480,KOREA,20
010880,0.851520,0.081374,kospi,kospi/293940.csv,KR.293940,KOREA,20
010881,0.141448,0.017641,kospi,kospi/294870.csv,KR.294870,KOREA,20
010882,0.093934,-0.256893,kospi,kospi/298000.csv,KR.298000,KOREA,20
010883,0.345230,-0.888145,kospi,kospi/298020.csv,KR.298020,KOREA,20
010884,-0.358946,0.008082,kospi,kospi/298040.csv,KR.298040,KOREA,20
010885,-0.297260,-0.162555,kospi,kospi/298050.csv,KR.298050,KOREA,20
010886,0.110813,-0.935256,kospi,kospi/298690.csv,KR.298690,KOREA,20
010887,0.319286,-0.014506,kospi,kospi/300720.csv,KR.300720,KOREA,20
010888,-0.435148,-0.273896,kospi,kospi/306200.csv,KR.306200,KOREA,20
010889,0.101239,-0.216980,kospi,kospi/307950.csv,KR.307950,KOREA,20
010890,0.242508,-0.718757,kospi,kospi/308170.csv,KR.308170,KOREA,20
010891,-0.125953,-0.896082,kospi,kospi/316140.csv,KR.316140,KOREA,20
010892,-0.760142,-0.469774,kospi,kospi/317400.csv,KR.317400,KOREA,20
010893,-0.627932,-0.485614,kospi,kospi/322000.csv,KR.322000,KOREA,20
010895,0.798763,0.195814,kospi,kospi/330590.csv,KR.330590,KOREA,20
010897,-0.085993,0.631950,kospi,kospi/336260.csv,KR.336260,KOREA,20
010898,-0.150484,0.485954,kospi,kospi/33626K.csv,KR.33626K,KOREA,20
010899,-0.100090,0.419284,kospi,kospi/33626L.csv,KR.33626L,KOREA,20
010900,0.243971,0.155036,kospi,kospi/336370.csv,KR.336370,KOREA,20
010901,-0.004562,0.330154,kospi,kospi/33637K.csv,KR.33637K,KOREA,20
010902,0.242716,0.368538,kospi,kospi/33637L.csv,KR.33637L,KOREA,20
010903,0.601653,-0.104625,kospi,kospi/338100.csv,KR.338100,KOREA,20
010904,0.012376,-0.169367,kospi,kospi/344820.csv,KR.344820,KOREA,20
010910,0.187596,-0.383855,kospi,kospi/900140.csv,KR.900140,KOREA,20
050000,-0.034169,-0.415196,sp500,sp500/A.csv,US.A,USA,20
050001,0.597679,-0.624130,sp500,sp500/AAL.csv,US.AAL,USA,20
050002,-0.197795,-0.421640,sp500,sp500/AAP.csv,US.AAP,USA,20
050003,-0.303315,-0.212234,sp500,sp500/AAPL.csv,US.AAPL,USA,20
050004,0.092679,-0.484188,sp500,sp500/ABBV.csv,US.ABBV,USA,20
050005,0.479708,0.143962,sp500,sp500/ABC.csv,US.ABC,USA,20
050006,0.058869,0.376331,sp500,sp500/ABMD.csv,US.ABMD,USA,20
050007,0.303546,0.035831,sp500,sp500/ABT.csv,US.ABT,USA,20
050008,-0.027883,-0.410783,sp500,sp500/ACN.csv,US.ACN,USA,20
050009,0.040153,-0.286953,sp500,sp500/ADBE.csv,US.ADBE,USA,20
050010,0.097944,-0.497649,sp500,sp500/ADI.csv,US.ADI,USA,20
050011,-0.002198,-0.515059,sp500,sp500/ADM.csv,US.ADM,USA,20
050012,0.508545,-0.174143,sp500,sp500/ADP.csv,US.ADP,USA,20
050013,0.003136,-0.254951,sp500,sp500/ADSK.csv,US.ADSK,USA,20
050014,0.474125,-0.113911,sp500,sp500/AEE.csv,US.AEE,USA,20
050015,0.474546,-0.125827,sp500,sp500/AEP.csv,US.AEP,USA,20
050016,0.788589,-0.335075,sp500,sp500/AES.csv,US.AES,USA,20
050017,0.593567,-0.334476,sp500,sp500/AFL.csv,US.AFL,USA,20
050018,1.065034,-0.599006,sp500,sp500/AIG.csv,US.AIG,USA,20
050019,0.493413,-0.431886,sp500,sp500/AIV.csv,US.AIV,USA,20
050020,0.874321,-0.078902,sp500,sp500/AIZ.csv,US.AIZ,USA,20
050021,-0.271978,-0.579698,sp500,sp500/AJG.csv,US.AJG,USA,20
050022,0.468923,0.231541,sp500,sp500/AKAM.csv,US.AKAM,USA,20
050023,-0.632238,-0.756428,sp500,sp500/ALB.csv,US.ALB,USA,20
050024,-0.006372,-0.329700,sp500,sp500/ALGN.csv,US.ALGN,USA,20
050025,0.692909,-0.682624,sp500,sp500/ALK.csv,US.ALK,USA,20
050026,0.339150,-0.287894,sp500,sp500/ALL.csv,US.ALL,USA,20
050027,0.742808,-0.125838,sp500,sp500/ALLE.csv,US.ALLE,USA,20
050028,0.366252,0.042648,sp500,sp500/ALXN.csv,US.ALXN,USA,20
050029,-0.270229,-0.506265,sp500,sp500/AMAT.csv,US.AMAT,USA,20
050030,-0.183074,-0.461681,sp500,sp500/AMCR.csv,US.AMCR,USA,20
050031,-0.195476,-0.133969,sp500,sp500/AMD.csv,US.AMD,USA,20
050032,-0.129704,-0.501172,sp500,sp500/AME.csv,US.AME,USA,20
050033,0.465539,0.128235,sp500,sp500/AMGN.csv,US.AMGN,USA,20
050034,-0.852172,-0.796587,sp500,sp500/AMP.csv,US.AMP,USA,20
050035,0.421336,0.036294,sp500,sp500/AMT.csv,US.AMT,USA,20
050036,0.103865,0.159367,sp500,sp500/AMZN.csv,US.AMZN,USA,20
050037,0.440489,0.126988,sp500,sp500/ANET.csv,US.ANET,USA,20
050038,0.112749,-0.040911,sp500,sp500/ANSS.csv,US.ANSS,USA,20
050039,0.155330,-0.213525,sp500,sp500/ANTM.csv,US.ANTM,USA,20
050040,-0.262063,-1.192232,sp500,sp500/AON.csv,US.AON,USA,20
050041,0.025826,-0.409809,sp500,sp500/AOS.csv,US.AOS,USA,20
050042,1.673857,-0.659020,sp500,sp500/APA.csv,US.APA,USA,20
050043,-0.014795,-0.393184,sp500,sp500/APD.csv,US.APD,USA,20
050044,-0.312246,-0.413588,sp500,sp500/APH.csv,US.APH,USA,20
050045,-0.791576,-0.844233,sp500,sp500/APTV.csv,US.APTV,USA,20
050046,-0.015528,-0.520076,sp500,sp500/ARE.csv,US.ARE,USA,20
050047,0.492986,-0.033023,sp500,sp500/ATO.csv,US.ATO,USA,20
050048,0.097752,0.022738,sp500,sp500/ATVI.csv,US.ATVI,USA,20
050049,0.470308,-0.429243,sp500,sp500/AVB.csv,US.AVB,USA,20
050050,-0.176910,-0.443947,sp500,sp500/AVGO.csv,US.AVGO,USA,20
050051,-0.102201,-0.756255,sp500,sp500/AVY.csv,US.AVY,USA,20
050052,-0.057260,-0.533324,sp500,sp500/AWK.csv,US.AWK,USA,20
050053,0.709722,-0.221929,sp500,sp500/AXP.csv,US.AXP,USA,20
050054,0.127946,-0.144601,sp500,sp500/AZO.csv,US.AZO,USA,20
050055,0.818354,-0.992661,sp500,sp500/BA.csv,US.BA,USA,20
050056,0.647611,-0.271996,sp500,sp500/BAC.csv,US.BAC,USA,20
050057,0.568365,0.089584,sp500,sp500/BAX.csv,US.BAX,USA,20
050058,-0.334407,-0.279180,sp500,sp500/BBY.csv,US.BBY,USA,20
050059,0.491701,0.110984,sp500,sp500/BDX.csv,US.BDX,USA,20
050060,-0.544379,-0.976984,sp500,sp500/BEN.csv,US.BEN,USA,20
050061,0.133512,-0.165366,sp500,sp500/BFB.csv,US.BFB,USA,20
050062,0.681600,-0.082272,sp500,sp500/BIIB.csv,US.BIIB,USA,20
050063,0.297077,0.146919,sp500,sp500/BIO.csv,US.BIO,USA,20
050064,0.339090,-0.253386,sp500,sp500/BK.csv,US.BK,USA,20
050065,-0.324651,-0.536945,sp500,sp500/BKNG.csv,US.BKNG,USA,20
050066,-0.485489,-0.665637,sp500,sp500/BKR.csv,US.BKR,USA,20
050067,0.025598,-0.464266,sp500,sp500/BLK.csv,US.BLK,USA,20
050068,-0.070151,-0.758779,sp500,sp500/BLL.csv,US.BLL,USA,20
050069,0.379704,-0.067057,sp500,sp500/BMY.csv,US.BMY,USA,20
050070,0.055306,-0.003282,sp500,sp500/BR.csv,US.BR,USA,20
050071,0.952557,-0.039609,sp500,sp500/BRKB.csv,US.BRKB,USA,20
050072,0.343979,-0.170534,sp500,sp500/BSX.csv,US.BSX,USA,20
050073,-0.357505,-0.300814,sp500,sp500/BWA.csv,US.BWA,USA,20
050074,0.491275,-0.642495,sp500,sp500/BXP.csv,US.BXP,USA,20
050075,1.114953,-0.278481,sp500,sp500/C.csv,US.C,USA,20
050076,0.311877,0.122842,sp500,sp500/CAG.csv,US.CAG,USA,20
050077,0.317829,-0.188284,sp500,sp500/CAH.csv,US.CAH,USA,20
050079,-0.070820,-0.604746,sp500,sp500/CAT.csv,US.CAT,USA,20
050080,0.794369,-0.219440,sp500,sp500/CB.csv,US.CB,USA,20
050081,0.363970,-0.362628,sp500,sp500/CBOE.csv,US.CBOE,USA,20
050082,0.617292,-0.488600,sp500,sp500/CBRE.csv,US.CBRE,USA,20
050083,0.429465,0.033691,sp500,sp500/CCI.csv,US.CCI,USA,20
050084,0.877282,-1.352011,sp500,sp500/CCL.csv,US.CCL,USA,20
050085,0.101474,0.140406,sp500,sp500/CDNS.csv,US.CDNS,USA,20
050086,-0.344425,-0.568825,sp500,sp500/CDW.csv,US.CDW,USA,20
050087,-0.344161,-0.536788,sp500,sp500/CE.csv,US.CE,USA,20
050088,0.413422,-0.085117,sp500,sp500/CERN.csv,US.CERN,USA,20
050089,0.806737,-0.284367,sp500,sp500/CF.csv,US.CF,USA,20
050090,1.048033,-0.366863,sp500,sp500/CFG.csv,US.CFG,USA,20
050091,-0.054635,-0.365833,sp500,sp500/CHD.csv,US.CHD,USA,20
050092,0.053001,-0.019397,sp500,sp500/CHRW.csv,US.CHRW,USA,20
050093,-0.065407,-0.428899,sp500,sp500/CHTR.csv,US.CHTR,USA,20
050094,0.287879,-0.173121,sp500,sp500/CI.csv,US.CI,USA,20
050095,0.428227,-0.470916,sp500,sp500/CINF.csv,US.CINF,USA,20
050096,0.529415,0.076555,sp500,sp500/CL.csv,US.CL,USA,20
050097,0.288033,0.117566,sp500,sp500/CLX.csv,US.CLX,USA,20
050098,1.115079,-0.430659,sp500,sp500/CMA.csv,US.CMA,USA,20
050099,-0.221171,-0.672418,sp500,sp500/CMCSA.csv,US.CMCSA,USA,20
050100,0.321756,-0.304190,sp500,sp500/CME.csv,US.CME,USA,20
050101,0.046675,0.148811,sp500,sp500/CMG.csv,US.CMG,USA,20
050102,-0.051523,-0.330310,sp500,sp500/CMI.csv,US.CMI,USA,20
050103,0.471491,-0.067468,sp500,sp500/CMS.csv,US.CMS,USA,20
050104,0.569927,0.295892,sp500,sp500/CNC.csv,US.CNC,USA,20
050105,0.856723,-0.333589,sp500,sp500/CNP.csv,US.CNP,USA,20
050106,1.180627,-0.344795,sp500,sp500/COF.csv,US.COF,USA,20
050107,0.766346,0.520950,sp500,sp500/COG.csv,US.COG,USA,20
050108,0.533941,-0.136458,sp500,sp500/COO.csv,US.COO,USA,20
050109,1.148461,-0.074953,sp500,sp500/COP.csv,US.COP,USA,20
050110,0.981864,0.234862,sp500,sp500/COST.csv,US.COST,USA,20
050111,0.583348,-1.368404,sp500,sp500/COTY.csv,US.COTY,USA,20
050112,0.850206,0.298128,sp500,sp500/CPB.csv,US.CPB,USA,20
050113,-0.153265,-0.500544,sp500,sp500/CPRT.csv,US.CPRT,USA,20
050114,-0.206518,-0.393450,sp500,sp500/CRM.csv,US.CRM,USA,20
050115,0.374518,0.058392,sp500,sp500/CSCO.csv,US.CSCO,USA,20
050116,-0.061585,-0.665376,sp500,sp500/CSX.csv,US.CSX,USA,20
050117,-0.631164,-0.697750,sp500,sp500/CTAS.csv,US.CTAS,USA,20
050118,0.731294,-0.256001,sp500,sp500/CTL.csv,US.CTL,USA,20
050119,-0.428628,-0.386457,sp500,sp500/CTSH.csv,US.CTSH,USA,20
050120,-0.081530,-0.698729,sp500,sp500/CTVA.csv,US.CTVA,USA,20
050121,0.642338,0.462827,sp500,sp500/CTXS.csv,US.CTXS,USA,20
050122,0.429743,-0.029562,sp500,sp500/CVS.csv,US.CVS,USA,20
050123,0.168557,-0.862541,sp500,sp500/CVX.csv,US.CVX,USA,20
050124,1.166214,-0.162817,sp500,sp500/CXO.csv,US.CXO,USA,20
050125,0.446589,-0.076523,sp500,sp500/D.csv,US.D,USA,20
050126,0.669922,-0.947932,sp500,sp500/DAL.csv,US.DAL,USA,20
050127,0.043794,-0.365769,sp500,sp500/DD.csv,US.DD,USA,20
050128,-0.401815,-0.385195,sp500,sp500/DE.csv,US.DE,USA,20
050129,0.814436,-0.764063,sp500,sp500/DFS.csv,US.DFS,USA,20
050130,0.338895,0.107050,sp500,sp500/DG.csv,US.DG,USA,20
050131,0.080729,-0.600533,sp500,sp500/DGX.csv,US.DGX,USA,20
050132,-0.780256,-0.536906,sp500,sp500/DHI.csv,US.DHI,USA,20
050133,-0.073674,-0.307041,sp500,sp500/DHR.csv,US.DHR,USA,20
050134,-0.058765,-0.640343,sp500,sp500/DIS.csv,US.DIS,USA,20
050135,0.613782,-0.219197,sp500,sp500/DISCA.csv,US.DISCA,USA,20
050136,0.555567,-0.308895,sp500,sp500/DISCK.csv,US.DISCK,USA,20
050137,-0.933491,-0.899846,sp500,sp500/DISH.csv,US.DISH,USA,20
050138,0.509163,0.216254,sp500,sp500/DLR.csv,US.DLR,USA,20
050139,-0.160698,-0.434991,sp500,sp500/DLTR.csv,US.DLTR,USA,20
050140,-0.314373,-0.626093,sp500,sp500/DOV.csv,US.DOV,USA,20
050141,-0.743402,-0.761512,sp500,sp500/DOW.csv,US.DOW,USA,20
050142,0.341629,0.044084,sp500,sp500/DPZ.csv,US.DPZ,USA,20
050143,-0.107609,-0.423406,sp500,sp500/DRE.csv,US.DRE,USA,20
050144,0.950843,-0.342860,sp500,sp500/DRI.csv,US.DRI,USA,20
050145,0.027992,-0.808693,sp500,sp500/DTE.csv,US.DTE,USA,20
050146,0.557454,-0.169469,sp500,sp500/DUK.csv,US.DUK,USA,20
050147,0.401044,-0.110633,sp500,sp500/DVA.csv,US.DVA,USA,20
050148,1.321598,-0.288188,sp500,sp500/DVN.csv,US.DVN,USA,20
050149,1.007654,-0.458841,sp500,sp500/DXC.csv,US.DXC,USA,20
050150,0.168279,0.144350,sp500,sp500/DXCM.csv,US.DXCM,USA,20
050151,0.079947,-0.002198,sp500,sp500/EA.csv,US.EA,USA,20
050152,0.040269,0.191960,sp500,sp500/EBAY.csv,US.EBAY,USA,20
050153,0.112583,-0.413795,sp500,sp500/ECL.csv,US.ECL,USA,20
050154,0.578320,-0.029187,sp500,sp500/ED.csv,US.ED,USA,20
050155,0.092817,-0.429697,sp500,sp500/EFX.csv,US.EFX,USA,20
050156,0.362515,-0.344527,sp500,sp500/EIX.csv,US.EIX,USA,20
050157,-0.133344,-0.526205,sp500,sp500/EL.csv,US.EL,USA,20
050158,0.060832,-0.365094,sp500,sp500/EMN.csv,US.EMN,USA,20
050159,-0.397745,-0.589004,sp500,sp500/EMR.csv,US.EMR,USA,20
050160,1.224612,-0.106218,sp500,sp500/EOG.csv,US.EOG,USA,20
050161,0.311496,0.045114,sp500,sp500/EQIX.csv,US.EQIX,USA,20
050162,0.378999,-0.552119,sp500,sp500/EQR.csv,US.EQR,USA,20
050163,0.464541,-0.088896,sp500,sp500/ES.csv,US.ES,USA,20
050164,0.467920,-0.351767,sp500,sp500/ESS.csv,US.ESS,USA,20
050165,-0.272004,-0.427025,sp500,sp500/ETFC.csv,US.ETFC,USA,20
050166,-0.202095,-0.608762,sp500,sp500/ETN.csv,US.ETN,USA,20
050167,0.512318,-0.287946,sp500,sp500/ETR.csv,US.ETR,USA,20
050168,0.752861,-0.074413,sp500,sp500/EVRG.csv,US.EVRG,USA,20
050169,0.294886,-0.118517,sp500,sp500/EW.csv,US.EW,USA,20
050170,0.499884,-0.242143,sp500,sp500/EXC.csv,US.EXC,USA,20
050171,-0.069397,-0.449724,sp500,sp500/EXPD.csv,US.EXPD,USA,20
050172,-0.975142,-1.089721,sp500,sp500/EXPE.csv,US.EXPE,USA,20
050173,1.014214,0.081983,sp500,sp500/EXR.csv,US.EXR,USA,20
050174,-0.562432,-0.877064,sp500,sp500/F.csv,US.F,USA,20
050175,1.416672,-0.286104,sp500,sp500/FANG.csv,US.FANG,USA,20
050176,0.062905,0.002173,sp500,sp500/FAST.csv,US.FAST,USA,20
050177,0.028724,-0.002729,sp500,sp500/FB.csv,US.FB,USA,20
050178,-0.730407,-0.543346,sp500,sp500/FBHS.csv,US.FBHS,USA,20
050179,-0.872953,-0.408169,sp500,sp500/FCX.csv,US.FCX,USA,20
050180,-0.844838,-0.343151,sp500,sp500/FDX.csv,US.FDX,USA,20
050181,0.360981,-0.725102,sp500,sp500/FE.csv,US.FE,USA,20
050182,0.179205,-0.032091,sp500,sp500/FFIV.csv,US.FFIV,USA,20
050183,-0.253083,-0.678503,sp500,sp500/FIS.csv,US.FIS,USA,20
050184,0.372068,-0.240404,sp500,sp500/FISV.csv,US.FISV,USA,20
050185,1.010616,-0.321496,sp500,sp500/FITB.csv,US.FITB,USA,20
050186,0.207767,-0.562927,sp500,sp500/FLIR.csv,US.FLIR,USA,20
050187,1.124093,-0.625794,sp500,sp500/FLS.csv,US.FLS,USA,20
050188,-0.190676,-1.176681,sp500,sp500/FLT.csv,US.FLT,USA,20
050189,0.001848,-0.543799,sp500,sp500/FMC.csv,US.FMC,USA,20
050190,0.655599,-0.228067,sp500,sp500/FOX.csv,US.FOX,USA,20
050191,0.642940,-0.227324,sp500,sp500/FOXA.csv,US.FOXA,USA,20
050192,0.096721,-0.528984,sp500,sp500/FRC.csv,US.FRC,USA,20
050193,0.549785,-0.542536,sp500,sp500/FRT.csv,US.FRT,USA,20
050194,1.088590,-0.992754,sp500,sp500/FTI.csv,US.FTI,USA,20
050195,-0.025717,-0.090761,sp500,sp500/FTNT.csv,US.FTNT,USA,20
050196,-0.241752,-0.579001,sp500,sp500/FTV.csv,US.FTV,USA,20
050197,-0.155382,-0.937557,sp500,sp500/GD.csv,US.GD,USA,20
050198,0.483869,-0.776079,sp500,sp500/GE.csv,US.GE,USA,20
050199,0.659807,0.148914,sp500,sp500/GILD.csv,US.GILD,USA,20
050200,0.510745,0.291368,sp500,sp500/GIS.csv,US.GIS,USA,20
050201,0.610319,-0.320543,sp500,sp500/GL.csv,US.GL,USA,20
050202,-0.300674,-0.291919,sp500,sp500/GLW.csv,US.GLW,USA,20
050203,0.923242,-0.210709,sp500,sp500/GM.csv,US.GM,USA,20
050204,-0.158599,-0.456295,sp500,sp500/GOOG.csv,US.GOOG,USA,20
050205,-0.158734,-0.456686,sp500,sp500/GOOGL.csv,US.GOOGL,USA,20
050206,-0.287827,-0.536145,sp500,sp500/GPC.csv,US.GPC,USA,20
050207,-0.096762,-0.951813,sp500,sp500/GPN.csv,US.GPN,USA,20
050208,-1.345435,-0.696113,sp500,sp500/GPS.csv,US.GPS,USA,20
050209,-0.141490,-0.489482,sp500,sp500/GRMN.csv,US.GRMN,USA,20
050210,-0.343715,-0.553938,sp500,sp500/GS.csv,US.GS,USA,20
050211,-0.047669,-0.413766,sp500,sp500/GWW.csv,US.GWW,USA,20
050212,1.557091,0.136841,sp500,sp500/HAL.csv,US.HAL,USA,20
050213,-0.034570,-0.795700,sp500,sp500/HAS.csv,US.HAS,USA,20
050214,0.665596,-0.605454,sp500,sp500/HBAN.csv,US.HBAN,USA,20
050215,-1.130070,-0.554760,sp500,sp500/HBI.csv,US.HBI,USA,20
050216,0.897551,-0.191179,sp500,sp500/HCA.csv,US.HCA,USA,20
050217,-0.127171,-0.397861,sp500,sp500/HD.csv,US.HD,USA,20
050218,-0.763584,-1.136390,sp500,sp500/HES.csv,US.HES,USA,20
050219,0.325751,-0.980212,sp500,sp500/HFC.csv,US.HFC,USA,20
050220,0.672674,-0.484255,sp500,sp500/HIG.csv,US.HIG,USA,20
050221,0.756145,-0.041756,sp500,sp500/HII.csv,US.HII,USA,20
050222,0.697942,-0.359871,sp500,sp500/HLT.csv,US.HLT,USA,20
050223,-0.070617,-0.267050,sp500,sp500/HOLX.csv,US.HOLX,USA,20
050224,-0.301827,-0.720756,sp500,sp500/HON.csv,US.HON,USA,20
050225,0.565968,-0.344569,sp500,sp500/HPE.csv,US.HPE,USA,20
050226,0.702392,-0.396666,sp500,sp500/HPQ.csv,US.HPQ,USA,20
050227,0.541397,-0.462202,sp500,sp500/HRB.csv,US.HRB,USA,20
050228,0.522168,0.237296,sp500,sp500/HRL.csv,US.HRL,USA,20
050229,-0.181129,-0.548258,sp500,sp500/HSIC.csv,US.HSIC,USA,20
050230,0.578064,-0.374244,sp500,sp500/HST.csv,US.HST,USA,20
050231,0.500799,-0.096889,sp500,sp500/HSY.csv,US.HSY,USA,20
050232,0.020262,-0.086277,sp500,sp500/HUM.csv,US.HUM,USA,20
050233,0.777999,-0.844683,sp500,sp500/HWM.csv,US.HWM,USA,20
050234,0.352274,-0.222067,sp500,sp500/IBM.csv,US.IBM,USA,20
050235,0.152259,-0.183246,sp500,sp500/ICE.csv,US.ICE,USA,20
050236,0.081552,0.022005,sp500,sp500/IDXX.csv,US.IDXX,USA,20
050237,-0.139305,-0.454655,sp500,sp500/IEX.csv,US.IEX,USA,20
050238,0.272845,-0.106194,sp500,sp500/IFF.csv,US.IFF,USA,20
050239,0.154987,0.086497,sp500,sp500/ILMN.csv,US.ILMN,USA,20
050240,0.326560,0.143381,sp500,sp500/INCY.csv,US.INCY,USA,20
050241,-0.280981,-0.404414,sp500,sp500/INFO.csv,US.INFO,USA,20
050242,0.759586,0.112889,sp500,sp500/INTC.csv,US.INTC,USA,20
050243,-0.164010,-0.478994,sp500,sp500/INTU.csv,US.INTU,USA,20
050244,-0.152460,-0.884386,sp500,sp500/IP.csv,US.IP,USA,20
050245,0.751146,-0.368464,sp500,sp500/IPG.csv,US.IPG,USA,20
050246,0.099607,-0.034973,sp500,sp500/IPGP.csv,US.IPGP,USA,20
050247,-0.267945,-0.484716,sp500,sp500/IQV.csv,US.IQV,USA,20
050248,-0.375913,-0.457326,sp500,sp500/IR.csv,US.IR,USA,20
050249,-0.431539,-0.845577,sp500,sp500/IRM.csv,US.IRM,USA,20
050250,-0.060477,-0.382359,sp500,sp500/ISRG.csv,US.ISRG,USA,20
050251,-0.364505,-0.635991,sp500,sp500/IT.csv,US.IT,USA,20
050252,-0.058851,-0.581329,sp500,sp500/ITW.csv,US.ITW,USA,20
050253,0.590610,-0.670906,sp500,sp500/IVZ.csv,US.IVZ,USA,20
050254,0.872215,-0.011161,sp500,sp500/J.csv,US.J,USA,20
050255,0.085753,0.009385,sp500,sp500/JBHT.csv,US.JBHT,USA,20
050256,-0.585343,-0.748697,sp500,sp500/JCI.csv,US.JCI,USA,20
050257,0.353969,0.068841,sp500,sp500/JKHY.csv,US.JKHY,USA,20
050258,0.546163,0.106769,sp500,sp500/JNJ.csv,US.JNJ,USA,20
050259,0.336467,-0.051798,sp500,sp500/JNPR.csv,US.JNPR,USA,20
050260,0.681716,-0.265214,sp500,sp500/JPM.csv,US.JPM,USA,20
050261,0.926850,0.260405,sp500,sp500/K.csv,US.K,USA,20
050262,1.116821,-0.319663,sp500,sp500/KEY.csv,US.KEY,USA,20
050263,0.412739,-0.024438,sp500,sp500/KEYS.csv,US.KEYS,USA,20
050264,0.087111,0.001569,sp500,sp500/KHC.csv,US.KHC,USA,20
050265,0.681293,-0.777548,sp500,sp500/KIM.csv,US.KIM,USA,20
050266,0.091133,-0.025271,sp500,sp500/KLAC.csv,US.KLAC,USA,20
050267,0.372563,-0.089281,sp500,sp500/KMB.csv,US.KMB,USA,20
050268,0.524766,-0.430527,sp500,sp500/KMI.csv,US.KMI,USA,20
050269,-0.811537,-0.649317,sp500,sp500/KMX.csv,US.KMX,USA,20
050270,0.518645,-0.217540,sp500,sp500/KO.csv,US.KO,USA,20
050271,0.893812,0.433445,sp500,sp500/KR.csv,US.KR,USA,20
050272,0.744878,-1.158966,sp500,sp500/KSS.csv,US.KSS,USA,20
050273,-0.420579,-0.366582,sp500,sp500/KSU.csv,US.KSU,USA,20
050274,0.461674,-0.547653,sp500,sp500/L.csv,US.L,USA,20
050275,1.390322,0.695478,sp500,sp500/LB.csv,US.LB,USA,20
050276,0.246870,-0.386552,sp500,sp500/LDOS.csv,US.LDOS,USA,20
050277,-0.521461,-0.819245,sp500,sp500/LEG.csv,US.LEG,USA,20
050278,-0.866226,-0.599485,sp500,sp500/LEN.csv,US.LEN,USA,20
050279,-0.374555,-0.556460,sp500,sp500/LH.csv,US.LH,USA,20
050280,0.758201,-0.017872,sp500,sp500/LHX.csv,US.LHX,USA,20
050281,-0.006562,-0.401629,sp500,sp500/LIN.csv,US.LIN,USA,20
050282,-0.533197,-0.655620,sp500,sp500/LKQ.csv,US.LKQ,USA,20
050283,0.534488,0.273403,sp500,sp500/LLY.csv,US.LLY,USA,20
050284,0.393342,-0.079009,sp500,sp500/LMT.csv,US.LMT,USA,20
050285,1.345170,-0.001492,sp500,sp500/LNC.csv,US.LNC,USA,20
050286,0.474381,-0.094102,sp500,sp500/LNT.csv,US.LNT,USA,20
050287,-0.060899,-0.252721,sp500,sp500/LOW.csv,US.LOW,USA,20
050288,-0.284972,-0.317380,sp500,sp500/LRCX.csv,US.LRCX,USA,20
050289,0.439470,-0.574219,sp500,sp500/LUV.csv,US.LUV,USA,20
050290,0.603404,-0.271496,sp500,sp500/LVS.csv,US.LVS,USA,20
050291,0.670680,-0.525967,sp500,sp500/LW.csv,US.LW,USA,20
050292,1.170698,0.036838,sp500,sp500/LYB.csv,US.LYB,USA,20
050293,0.872436,-0.225118,sp500,sp500/LYV.csv,US.LYV,USA,20
050294,-0.172442,-0.522579,sp500,sp500/MA.csv,US.MA,USA,20
050295,0.710644,-0.144104,sp500,sp500/MAA.csv,US.MAA,USA,20
050296,0.623940,-0.577302,sp500,sp500/MAR.csv,US.MAR,USA,20
050297,-0.041541,-0.303367,sp500,sp500/MAS.csv,US.MAS,USA,20
050298,-0.006926,-0.793195,sp500,sp500/MCD.csv,US.MCD,USA,20
050299,-0.245163,-0.418266,sp500,sp500/MCHP.csv,US.MCHP,USA,20
050300,0.123874,-0.485687,sp500,sp500/MCK.csv,US.MCK,USA,20
050301,0.020998,-0.494101,sp500,sp500/MCO.csv,US.MCO,USA,20
050302,0.401773,-0.158061,sp500,sp500/MDLZ.csv,US.MDLZ,USA,20
050303,0.406937,-0.143917,sp500,sp500/MDT.csv,US.MDT,USA,20
050304,0.871243,-0.268643,sp500,sp500/MET.csv,US.MET,USA,20
050305,0.885948,-0.841673,sp500,sp500/MGM.csv,US.MGM,USA,20
050306,0.583037,-0.489774,sp500,sp500/MHK.csv,US.MHK,USA,20
050307,0.084860,-0.011596,sp500,sp500/MKC.csv,US.MKC,USA,20
050308,0.188470,0.142556,sp500,sp500/MKTX.csv,US.MKTX,USA,20
050309,0.856846,-0.127132,sp500,sp500/MLM.csv,US.MLM,USA,20
050310,-0.046712,-0.579597,sp500,sp500/MMC.csv,US.MMC,USA,20
050311,0.454005,0.002174,sp500,sp500/MMM.csv,US.MMM,USA,20
050312,-0.070622,-0.365458,sp500,sp500/MNST.csv,US.MNST,USA,20
050313,0.961638,0.144494,sp500,sp500/MO.csv,US.MO,USA,20
050314,0.888672,-0.502677,sp500,sp500/MOS.csv,US.MOS,USA,20
050315,1.402584,0.067462,sp500,sp500/MPC.csv,US.MPC,USA,20
050316,0.507845,0.022153,sp500,sp500/MRK.csv,US.MRK,USA,20
050317,1.500409,-0.121942,sp500,sp500/MRO.csv,US.MRO,USA,20
050318,-0.276652,-0.434652,sp500,sp500/MS.csv,US.MS,USA,20
050319,0.116124,-0.052314,sp500,sp500/MSCI.csv,US.MSCI,USA,20
050320,0.012458,-0.433967,sp500,sp500/MSFT.csv,US.MSFT,USA,20
050321,0.539988,-0.244404,sp500,sp500/MSI.csv,US.MSI,USA,20
050322,0.582624,-0.398036,sp500,sp500/MTB.csv,US.MTB,USA,20
050323,-0.087683,-0.320835,sp500,sp500/MTD.csv,US.MTD,USA,20
050324,0.454396,-0.217556,sp500,sp500/MU.csv,US.MU,USA,20
050325,-0.011493,-0.436583,sp500,sp500/MXIM.csv,US.MXIM,USA,20
050326,0.421330,-0.129044,sp500,sp500/MYL.csv,US.MYL,USA,20
050327,1.411917,-0.497435,sp500,sp500/NBL.csv,US.NBL,USA,20
050328,1.070812,-1.389413,sp500,sp500/NCLH.csv,US.NCLH,USA,20
050329,-0.053175,-0.404492,sp500,sp500/NDAQ.csv,US.NDAQ,USA,20
050330,-0.176755,-0.593570,sp500,sp500/NEE.csv,US.NEE,USA,20
050331,0.334911,0.217705,sp500,sp500/NEM.csv,US.NEM,USA,20
050332,0.327893,0.120700,sp500,sp500/NFLX.csv,US.NFLX,USA,20
050333,0.557955,-0.198968,sp500,sp500/NI.csv,US.NI,USA,20
050334,0.080150,-0.149447,sp500,sp500/NKE.csv,US.NKE,USA,20
050335,0.296531,-0.106985,sp500,sp500/NLOK.csv,US.NLOK,USA,20
050336,0.705997,-0.289649,sp500,sp500/NLSN.csv,US.NLSN,USA,20
050337,0.576640,0.072097,sp500,sp500/NOC.csv,US.NOC,USA,20
050338,1.232086,-0.701229,sp500,sp500/NOV.csv,US.NOV,USA,20
050339,-0.034368,-0.274055,sp500,sp500/NOW.csv,US.NOW,USA,20
050340,0.164836,-0.202391,sp500,sp500/NRG.csv,US.NRG,USA,20
050341,-0.316578,-0.428156,sp500,sp500/NSC.csv,US.NSC,USA,20
050342,0.438429,-0.127218,sp500,sp500/NTAP.csv,US.NTAP,USA,20
050343,0.355668,-0.249694,sp500,sp500/NTRS.csv,US.NTRS,USA,20
050344,-0.050542,-0.657934,sp500,sp500/NUE.csv,US.NUE,USA,20
050345,0.069958,0.163090,sp500,sp500/NVDA.csv,US.NVDA,USA,20
050346,-0.400038,-0.510570,sp500,sp500/NVR.csv,US.NVR,USA,20
050347,-0.228721,-0.621555,sp500,sp500/NWL.csv,US.NWL,USA,20
050348,-0.622474,-0.627726,sp500,sp500/NWS.csv,US.NWS,USA,20
050349,-0.637034,-0.635861,sp500,sp500/NWSA.csv,US.NWSA,USA,20
050350,0.652505,-0.389725,sp500,sp500/O.csv,US.O,USA,20
050351,0.107551,0.074002,sp500,sp500/ODFL.csv,US.ODFL,USA,20
050352,1.354686,-1.121974,sp500,sp500/OKE.csv,US.OKE,USA,20
050353,0.445837,-0.398678,sp500,sp500/OMC.csv,US.OMC,USA,20
050354,0.467821,0.106854,sp500,sp500/ORCL.csv,US.ORCL,USA,20
050355,0.045624,-0.109148,sp500,sp500/ORLY.csv,US.ORLY,USA,20
050357,1.392992,-0.905936,sp500,sp500/OXY.csv,US.OXY,USA,20
050358,-0.229858,-0.461823,sp500,sp500/PAYC.csv,US.PAYC,USA,20
050359,-0.180304,-1.039377,sp500,sp500/PAYX.csv,US.PAYX,USA,20
050360,0.465260,-0.382560,sp500,sp500/PBCT.csv,US.PBCT,USA,20
050361,-0.099374,-0.349101,sp500,sp500/PCAR.csv,US.PCAR,USA,20
050362,0.796919,-0.153756,sp500,sp500/PEAK.csv,US.PEAK,USA,20
050363,0.376223,-0.179701,sp500,sp500/PEG.csv,US.PEG,USA,20
050364,0.492358,-0.010527,sp500,sp500/PEP.csv,US.PEP,USA,20
050365,0.527963,0.108191,sp500,sp500/PFE.csv,US.PFE,USA,20
050366,-0.650744,-0.932256,sp500,sp500/PFG.csv,US.PFG,USA,20
050367,0.511081,0.079232,sp500,sp500/PG.csv,US.PG,USA,20
050368,0.493317,0.089168,sp500,sp500/PGR.csv,US.PGR,USA,20
050369,-0.859390,-0.872136,sp500,sp500/PH.csv,US.PH,USA,20
050370,-1.104867,-0.823823,sp500,sp500/PHM.csv,US.PHM,USA,20
050371,0.108322,-0.468898,sp500,sp500/PKG.csv,US.PKG,USA,20
050372,-0.045597,-0.281281,sp500,sp500/PKI.csv,US.PKI,USA,20
050373,-0.101888,-0.370530,sp500,sp500/PLD.csv,US.PLD,USA,20
050374,0.464461,-0.166191,sp500,sp500/PM.csv,US.PM,USA,20
050375,0.620809,-0.294528,sp500,sp500/PNC.csv,US.PNC,USA,20
050376,-0.565616,-0.593286,sp500,sp500/PNR.csv,US.PNR,USA,20
050377,0.520420,-0.261445,sp500,sp500/PNW.csv,US.PNW,USA,20
050378,-0.116837,-0.492511,sp500,sp500/PPG.csv,US.PPG,USA,20
050379,0.735509,-0.168551,sp500,sp500/PPL.csv,US.PPL,USA,20
050380,0.136837,-0.467527,sp500,sp500/PRGO.csv,US.PRGO,USA,20
050381,0.883091,-0.304724,sp500,sp500/PRU.csv,US.PRU,USA,20
050382,0.512568,-0.111093,sp500,sp500/PSA.csv,US.PSA,USA,20
050383,0.234416,-0.602836,sp500,sp500/PSX.csv,US.PSX,USA,20
050384,1.209074,-0.520635,sp500,sp500/PVH.csv,US.PVH,USA,20
050385,-0.386564,-0.355285,sp500,sp500/PWR.csv,US.PWR,USA,20
050386,0.899031,-0.403876,sp500,sp500/PXD.csv,US.PXD,USA,20
050387,0.037557,0.243478,sp500,sp500/PYPL.csv,US.PYPL,USA,20
050388,-0.053768,-0.346457,sp500,sp500/QCOM.csv,US.QCOM,USA,20
050389,-0.040725,-0.334543,sp500,sp500/QRVO.csv,US.QRVO,USA,20
050390,1.365989,-0.614545,sp500,sp500/RCL.csv,US.RCL,USA,20
050391,0.767070,-0.236901,sp500,sp500/RE.csv,US.RE,USA,20
050392,0.540344,-0.505035,sp500,sp500/REG.csv,US.REG,USA,20
050393,0.468445,0.319874,sp500,sp500/REGN.csv,US.REGN,USA,20
050394,1.075479,-0.266752,sp500,sp500/RF.csv,US.RF,USA,20
050395,-0.158096,-0.530324,sp500,sp500/RHI.csv,US.RHI,USA,20
050396,0.654797,-0.304083,sp500,sp500/RJF.csv,US.RJF,USA,20
050397,0.516938,-0.535412,sp500,sp500/RL.csv,US.RL,USA,20
050398,-0.028960,-0.469851,sp500,sp500/RMD.csv,US.RMD,USA,20
050399,0.052897,-0.380695,sp500,sp500/ROK.csv,US.ROK,USA,20
050400,-0.068763,-0.322225,sp500,sp500/ROL.csv,US.ROL,USA,20
050401,-0.027703,-0.426918,sp500,sp500/ROP.csv,US.ROP,USA,20
050402,0.434072,-0.358569,sp500,sp500/ROST.csv,US.ROST,USA,20
050403,-0.316068,-0.768083,sp500,sp500/RSG.csv,US.RSG,USA,20
050404,0.587330,-0.449432,sp500,sp500/RTX.csv,US.RTX,USA,20
050405,0.424906,0.020382,sp500,sp500/SBAC.csv,US.SBAC,USA,20
050406,0.191791,-0.306837,sp500,sp500/SBUX.csv,US.SBUX,USA,20
050407,0.375142,-0.293094,sp500,sp500/SCHW.csv,US.SCHW,USA,20
050408,-0.128156,-0.381884,sp500,sp500/SEE.csv,US.SEE,USA,20
050409,-0.070869,-0.382596,sp500,sp500/SHW.csv,US.SHW,USA,20
050410,-0.753268,-0.694686,sp500,sp500/SIVB.csv,US.SIVB,USA,20
050411,0.607109,0.219709,sp500,sp500/SJM.csv,US.SJM,USA,20
050412,1.100252,-0.520660,sp500,sp500/SLB.csv,US.SLB,USA,20
050413,0.556619,-0.804007,sp500,sp500/SLG.csv,US.SLG,USA,20
050414,-0.364983,-0.615128,sp500,sp500/SNA.csv,US.SNA,USA,20
050415,0.113508,0.087675,sp500,sp500/SNPS.csv,US.SNPS,USA,20
050416,0.555496,-0.181972,sp500,sp500/SO.csv,US.SO,USA,20
050417,0.690062,-1.254261,sp500,sp500/SPG.csv,US.SPG,USA,20
050418,0.045650,-0.389536,sp500,sp500/SPGI.csv,US.SPGI,USA,20
050419,0.400481,-0.256770,sp500,sp500/SRE.csv,US.SRE,USA,20
050420,0.332464,-0.202647,sp500,sp500/STE.csv,US.STE,USA,20
050421,-0.395384,-0.628514,sp500,sp500/STT.csv,US.STT,USA,20
050422,0.790767,0.089053,sp500,sp500/STX.csv,US.STX,USA,20
050423,-0.047971,-0.684940,sp500,sp500/STZ.csv,US.STZ,USA,20
050424,-0.871190,-0.735155,sp500,sp500/SWK.csv,US.SWK,USA,20
050425,-0.046849,-0.257650,sp500,sp500/SWKS.csv,US.SWKS,USA,20
050426,0.768412,-0.754925,sp500,sp500/SYF.csv,US.SYF,USA,20
050427,0.186237,-0.290325,sp500,sp500/SYK.csv,US.SYK,USA,20
050428,0.933758,-0.281609,sp500,sp500/SYY.csv,US.SYY,USA,20
050429,0.584390,-0.231666,sp500,sp500/T.csv,US.T,USA,20
050430,0.379306,-0.512542,sp500,sp500/TAP.csv,US.TAP,USA,20
050431,0.755236,-0.667904,sp500,sp500/TDG.csv,US.TDG,USA,20
050432,0.203222,-0.279919,sp500,sp500/TDY.csv,US.TDY,USA,20
050433,-0.314288,-0.515433,sp500,sp500/TEL.csv,US.TEL,USA,20
050434,1.019595,-0.287823,sp500,sp500/TFC.csv,US.TFC,USA,20
050435,-0.002222,-0.572213,sp500,sp500/TFX.csv,US.TFX,USA,20
050436,0.060607,-0.111112,sp500,sp500/TGT.csv,US.TGT,USA,20
050437,0.580070,0.030910,sp500,sp500/TIF.csv,US.TIF,USA,20
050438,0.730521,-0.186934,sp500,sp500/TJX.csv,US.TJX,USA,20
050439,0.075780,-0.008731,sp500,sp500/TMO.csv,US.TMO,USA,20
050440,0.052093,-0.123011,sp500,sp500/TMUS.csv,US.TMUS,USA,20
050441,0.526740,-0.821274,sp500,sp500/TPR.csv,US.TPR,USA,20
050442,-0.144295,-0.504691,sp500,sp500/TROW.csv,US.TROW,USA,20
050443,0.828421,-0.108299,sp500,sp500/TRV.csv,US.TRV,USA,20
050444,0.082166,0.172209,sp500,sp500/TSCO.csv,US.TSCO,USA,20
050445,0.835663,-0.048594,sp500,sp500/TSN.csv,US.TSN,USA,20
050446,-0.423554,-0.436890,sp500,sp500/TT.csv,US.TT,USA,20
050447,0.084570,0.106754,sp500,sp500/TTWO.csv,US.TTWO,USA,20
050448,-0.529060,-0.566550,sp500,sp500/TWTR.csv,US.TWTR,USA,20
050449,-0.130074,-0.471195,sp500,sp500/TXN.csv,US.TXN,USA,20
050450,0.825001,-0.457262,sp500,sp500/TXT.csv,US.TXT,USA,20
050451,0.114565,-0.451262,sp500,sp500/TYL.csv,US.TYL,USA,20
050452,0.741984,-0.475601,sp500,sp500/UA.csv,US.UA,USA,20
050453,0.748159,-0.477105,sp500,sp500/UAA.csv,US.UAA,USA,20
050454,0.825994,-1.119801,sp500,sp500/UAL.csv,US.UAL,USA,20
050455,0.488012,-0.354643,sp500,sp500/UDR.csv,US.UDR,USA,20
050456,0.422937,-0.370471,sp500,sp500/UHS.csv,US.UHS,USA,20
050457,0.262025,-1.280418,sp500,sp500/ULTA.csv,US.ULTA,USA,20
050458,0.323100,-0.058455,sp500,sp500/UNH.csv,US.UNH,USA,20
050459,1.109660,-0.689696,sp500,sp500/UNM.csv,US.UNM,USA,20
050460,-0.050655,-0.448274,sp500,sp500/UNP.csv,US.UNP,USA,20
050461,-0.143889,-0.118284,sp500,sp500/UPS.csv,US.UPS,USA,20
050462,-0.704639,-0.588883,sp500,sp500/URI.csv,US.URI,USA,20
050463,0.626756,-0.432127,sp500,sp500/USB.csv,US.USB,USA,20
050464,-0.066185,-0.638049,sp500,sp500/V.csv,US.V,USA,20
050465,-0.168767,-0.371193,sp500,sp500/VAR.csv,US.VAR,USA,20
050466,0.709957,-0.247120,sp500,sp500/VFC.csv,US.VFC,USA,20
050467,-1.064191,-0.577885,sp500,sp500/VIAC.csv,US.VIAC,USA,20
050468,0.281672,-0.954692,sp500,sp500/VLO.csv,US.VLO,USA,20
050469,-0.325942,-0.673788,sp500,sp500/VMC.csv,US.VMC,USA,20
050470,0.528255,-0.561399,sp500,sp500/VNO.csv,US.VNO,USA,20
050471,-0.003158,-0.483167,sp500,sp500/VRSK.csv,US.VRSK,USA,20
050472,0.354095,-0.016549,sp500,sp500/VRSN.csv,US.VRSN,USA,20
050473,0.365639,0.136812,sp500,sp500/VRTX.csv,US.VRTX,USA,20
050474,0.897575,-0.752428,sp500,sp500/VTR.csv,US.VTR,USA,20
050475,0.552150,0.081965,sp500,sp500/VZ.csv,US.VZ,USA,20
050476,-0.471859,-0.699875,sp500,sp500/WAB.csv,US.WAB,USA,20
050477,1.032864,0.179912,sp500,sp500/WAT.csv,US.WAT,USA,20
050478,0.633360,-0.107816,sp500,sp500/WBA.csv,US.WBA,USA,20
050479,0.498865,-0.563282,sp500,sp500/WDC.csv,US.WDC,USA,20
050480,0.483521,-0.060441,sp500,sp500/WEC.csv,US.WEC,USA,20
050481,0.795614,-0.556112,sp500,sp500/WELL.csv,US.WELL,USA,20
050482,0.467704,-0.714942,sp500,sp500/WFC.csv,US.WFC,USA,20
050483,-0.665682,-0.526400,sp500,sp500/WHR.csv,US.WHR,USA,20
050484,-0.091440,-0.662494,sp500,sp500/WLTW.csv,US.WLTW,USA,20
050485,-0.292644,-0.745150,sp500,sp500/WM.csv,US.WM,USA,20
050486,-0.027302,-0.628305,sp500,sp500/WMB.csv,US.WMB,USA,20
050487,0.498523,0.166648,sp500,sp500/WMT.csv,US.WMT,USA,20
050488,0.764361,-0.206337,sp500,sp500/WRB.csv,US.WRB,USA,20
050489,0.478539,-0.197910,sp500,sp500/WRK.csv,US.WRK,USA,20
050490,0.175211,0.177921,sp500,sp500/WST.csv,US.WST,USA,20
050491,-0.222275,-0.686676,sp500,sp500/WU.csv,US.WU,USA,20
050492,-0.564972,-0.764177,sp500,sp500/WY.csv,US.WY,USA,20
050493,1.187745,-0.257660,sp500,sp500/WYNN.csv,US.WYNN,USA,20
050494,0.934799,0.191112,sp500,sp500/XEL.csv,US.XEL,USA,20
050495,-0.029411,-0.384327,sp500,sp500/XLNX.csv,US.XLNX,USA,20
050496,0.381803,-0.338843,sp500,sp500/XOM.csv,US.XOM,USA,20
050497,-0.147951,-1.077427,sp500,sp500/XRAY.csv,US.XRAY,USA,20
050498,0.574122,-0.970329,sp500,sp500/XRX.csv,US.XRX,USA,20
050499,0.929836,-0.094517,sp500,sp500/XYL.csv,US.XYL,USA,20
050500,-0.036696,-0.736960,sp500,sp500/YUM.csv,US.YUM,USA,20
050501,-0.429716,-0.619214,sp500,sp500/ZBH.csv,US.ZBH,USA,20
050502,0.032455,-0.383296,sp500,sp500/ZBRA.csv,US.ZBRA,USA,20
050503,1.005314,-0.235940,sp500,sp500/ZION.csv,US.ZION,USA,20
050504,-0.098164,-0.540236,sp500,sp500/ZTS.csv,US.ZTS,USA,20
